pre,post,count,weight
16646,100028,1,0.333333333333
19297,100028,1,0.333333333333
24371,100028,1,0.333333333333
101952,100405,1,0.0909169400794
103760,100405,1,0.0909169400794
11039,100405,1,0.0909169400794
12109,100405,1,0.0909169400794
14299,100405,3,0.272664479365
18233,100405,1,0.0909169400794
19323,100405,1,0.0909169400794
23530,100405,1,0.0909169400794
25597,100405,1,0.0909169400794
153333,100531,4,1
101516,100564,3,0.0361432847039
101925,100564,1,0.0120522353004
101927,100564,11,0.132520903515
10268,100564,7,0.0843388047082
10293,100564,4,0.0481955200043
10424,100564,2,0.0240910494034
10655,100564,1,0.0120522353004
10979,100564,2,0.0240910494034
11982,100564,1,0.0120522353004
13176,100564,1,0.0120522353004
15848,100564,19,0.228911943524
21674,100564,10,0.120482089412
24435,100564,10,0.120482089412
27306,100564,1,0.0120522353004
28251,100564,3,0.0361432847039
32058,100564,6,0.0722865694077
33827,100564,1,0.0120522353004
101516,100572,1,0.0199985199985
11282,100572,1,0.0199985199985
15848,100572,22,0.440004440004
21674,100572,1,0.0199985199985
24435,100572,10,0.200003700004
26352,100572,1,0.0199985199985
32058,100572,14,0.279997779998
100046,10075,38,0.79274611399
10374,10075,1,0.020725388601
10584,10075,3,0.0621761658031
10627,10075,1,0.020725388601
11782,10075,1,0.020725388601
11982,10075,1,0.020725388601
14041,10075,1,0.020725388601
19297,10075,2,0.0414507772021
101970,100808,2,0.333377944325
10374,100808,3,0.5
18233,100808,1,0.166622055675
103760,101246,1,0.0151602537695
27304,101246,33,0.5
28251,101246,6,0.090920326275
33827,101246,26,0.393919419956
100405,10127,6,0.0073834794647
101952,10127,1,0.00138440239963
101962,10127,6,0.0073834794647
101965,10127,30,0.0378403322566
102663,10127,2,0.00230733733272
103746,10127,13,0.0166128287956
103760,10127,20,0.0253807106599
10529,10127,9,0.0115366866636
10926,10127,3,0.00369173973235
11039,10127,3,0.00369173973235
11499,10127,70,0.0886017535764
12109,10127,65,0.0821412090448
12789,10127,34,0.0429164743886
12869,10127,46,0.0581449007845
12957,10127,57,0.0724503922473
13906,10127,128,0.161975080757
14299,10127,9,0.0115366866636
14808,10127,11,0.0138440239963
15679,10127,1,0.00138440239963
16012,10127,13,0.0166128287956
16144,10127,32,0.0406091370558
16646,10127,10,0.0124596215967
17341,10127,1,0.00138440239963
18233,10127,42,0.0530687586525
18426,10127,17,0.0216889709275
19027,10127,7,0.00876788186433
19297,10127,3,0.00369173973235
19323,10127,2,0.00230733733272
19400,10127,7,0.00876788186433
21128,10127,1,0.00138440239963
23530,10127,23,0.0290724503922
24371,10127,1,0.00138440239963
24994,10127,42,0.0530687586525
25597,10127,3,0.00369173973235
27136,10127,1,0.00138440239963
27677,10127,1,0.00138440239963
28346,10127,36,0.0456852791878
28863,10127,33,0.0419935394555
29327,10127,1,0.00138440239963
100564,101516,3,0.0624945625381
10268,101516,4,0.0833309166836
10293,101516,4,0.0833309166836
10424,101516,1,0.0208363541455
10979,101516,2,0.041672708291
11982,101516,1,0.0208363541455
15848,101516,18,0.374996375025
24435,101516,6,0.125003624975
32058,101516,9,0.187498187513
100564,101925,1,0.037035098737
101927,101925,2,0.0740760123741
10424,101925,2,0.0740760123741
13264,101925,1,0.037035098737
15848,101925,10,0.37037424697
18137,101925,1,0.037035098737
21674,101925,3,0.111111111111
24435,101925,3,0.111111111111
27304,101925,2,0.0740760123741
28251,101925,1,0.037035098737
32058,101925,1,0.037035098737
100564,101927,8,0.0879160428423
101516,101927,1,0.0109841068755
101925,101927,1,0.0109841068755
10268,101927,1,0.0109841068755
10424,101927,1,0.0109841068755
10655,101927,1,0.0109841068755
10979,101927,3,0.0329667165726
11782,101927,1,0.0109841068755
11982,101927,1,0.0109841068755
12376,101927,2,0.0219826096971
13176,101927,2,0.0219826096971
15814,101927,3,0.0329667165726
15848,101927,18,0.197800299436
21674,101927,17,0.18681619256
24435,101927,14,0.153849475988
28251,101927,5,0.0549493262697
32058,101927,10,0.109898652539
33827,101927,2,0.0219826096971
100405,101952,17,0.0409397861564
100808,101952,20,0.0481148002251
10127,101952,6,0.0144907146877
101962,101952,18,0.0433314575127
101965,101952,17,0.0409397861564
101970,101952,2,0.00478334271244
102663,101952,39,0.093837929094
10293,101952,25,0.0600731570062
10374,101952,11,0.0264490714688
103746,101952,15,0.0360157568936
103760,101952,18,0.0433314575127
10529,101952,3,0.00717501406866
10686,101952,1,0.00239167135622
10926,101952,107,0.257315700619
11039,101952,1,0.00239167135622
11782,101952,5,0.0119583567811
12109,101952,4,0.00956668542487
12260,101952,2,0.00478334271244
12789,101952,5,0.0119583567811
12869,101952,14,0.0336240855374
12957,101952,3,0.00717501406866
14299,101952,5,0.0119583567811
15679,101952,14,0.0336240855374
16012,101952,1,0.00239167135622
16646,101952,2,0.00478334271244
18233,101952,1,0.00239167135622
18426,101952,3,0.00717501406866
19027,101952,2,0.00478334271244
19323,101952,8,0.0192740574001
19400,101952,5,0.0119583567811
23530,101952,6,0.0144907146877
25597,101952,15,0.0360157568936
27028,101952,1,0.00239167135622
27136,101952,16,0.0385481148002
27677,101952,3,0.00717501406866
28863,101952,1,0.00239167135622
100405,101962,14,0.0494623655914
100808,101962,10,0.035357368754
10127,101962,1,0.00354206198608
101952,101962,30,0.106008855155
101970,101962,9,0.0318153067679
102663,101962,99,0.349715370019
103746,101962,29,0.102466793169
103760,101962,15,0.0530044275775
10529,101962,1,0.00354206198608
10607,101962,3,0.0106261859583
10926,101962,1,0.00354206198608
12789,101962,1,0.00354206198608
12869,101962,1,0.00354206198608
12957,101962,2,0.00708412397217
13906,101962,4,0.0141049968374
14299,101962,6,0.0211891208096
15679,101962,14,0.0494623655914
16646,101962,19,0.0671094244149
19027,101962,1,0.00354206198608
19323,101962,1,0.00354206198608
23530,101962,16,0.0565464895636
25597,101962,3,0.0106261859583
27136,101962,3,0.0106261859583
10127,101965,1,0.0181884867379
101952,101965,1,0.0181884867379
102663,101965,1,0.0181884867379
10293,101965,11,0.199989997166
103760,101965,1,0.0181884867379
10529,101965,9,0.16362969508
12957,101965,8,0.145441208342
13906,101965,2,0.0363603020856
16012,101965,6,0.109080906257
16646,101965,4,0.0727206041712
18233,101965,1,0.0181884867379
19400,101965,3,0.0545487888235
27136,101965,3,0.0545487888235
27677,101965,3,0.0545487888235
28346,101965,1,0.0181884867379
100808,101970,4,0.444444444444
101952,101970,1,0.111111111111
18233,101970,1,0.111111111111
18426,101970,1,0.111111111111
23530,101970,2,0.222222222222
10075,10230,2,0.00718778077269
100808,10230,2,0.00718778077269
101246,10230,28,0.0952380952381
101925,10230,3,0.00988319856244
10293,10230,6,0.0206648697215
10374,10230,1,0.00359389038634
10424,10230,150,0.509433962264
10820,10230,7,0.0233602875112
11282,10230,1,0.00359389038634
12567,10230,1,0.00359389038634
13264,10230,4,0.0134770889488
13819,10230,1,0.00359389038634
14041,10230,48,0.162623539982
163638,10230,3,0.00988319856244
19400,10230,2,0.00718778077269
22064,10230,32,0.108715184187
27304,10230,1,0.00359389038634
33827,10230,2,0.00718778077269
100405,102663,3,0.00512085210979
100412,102663,2,0.00348217943466
100808,102663,1,0.00163867267513
101952,102663,16,0.0274477673085
101962,102663,53,0.0907414993855
101965,102663,26,0.044448996313
10293,102663,7,0.0120852109791
103746,102663,8,0.0137238836542
103760,102663,31,0.0530520278574
10529,102663,2,0.00348217943466
10607,102663,1,0.00163867267513
10926,102663,6,0.0102417042196
12376,102663,16,0.0274477673085
12789,102663,2,0.00348217943466
12869,102663,2,0.00348217943466
12957,102663,22,0.0376894715281
13906,102663,12,0.0204834084392
14299,102663,128,0.219172470299
15679,102663,6,0.0102417042196
159848,102663,3,0.00512085210979
16012,102663,41,0.0702580909463
16144,102663,9,0.0153625563294
16646,102663,3,0.00512085210979
18233,102663,2,0.00348217943466
18426,102663,21,0.0360507988529
19027,102663,1,0.00163867267513
19323,102663,44,0.0753789430561
19400,102663,32,0.054895534617
23530,102663,16,0.0274477673085
24451,102663,15,0.025604260549
24678,102663,16,0.0274477673085
24994,102663,9,0.0153625563294
25597,102663,1,0.00163867267513
26537,102663,1,0.00163867267513
27028,102663,2,0.00348217943466
27136,102663,7,0.0120852109791
27677,102663,4,0.00675952478492
28346,102663,1,0.00163867267513
28863,102663,9,0.0153625563294
29047,102663,3,0.00512085210979
100564,10268,18,0.0250809061489
100572,10268,50,0.0695792880259
101246,10268,1,0.00121359223301
101516,10268,109,0.151699029126
101925,10268,1,0.00121359223301
101927,10268,17,0.0234627831715
10230,10268,1,0.00121359223301
10293,10268,3,0.00404530744337
103884,10268,10,0.0137540453074
10424,10268,119,0.165453074434
10607,10268,1,0.00121359223301
10627,10268,1,0.00121359223301
10655,10268,1,0.00121359223301
10665,10268,6,0.00849514563107
10686,10268,15,0.0210355987055
10820,10268,10,0.0137540453074
10979,10268,70,0.0974919093851
11282,10268,3,0.00404530744337
11590,10268,4,0.00566343042071
11688,10268,7,0.00970873786408
11734,10268,13,0.0182038834951
11836,10268,39,0.0542071197411
11976,10268,13,0.0182038834951
11982,10268,126,0.175161812298
12376,10268,2,0.00283171521036
13176,10268,22,0.0307443365696
13264,10268,7,0.00970873786408
13980,10268,1,0.00121359223301
14041,10268,1,0.00121359223301
14196,10268,2,0.00283171521036
15034,10268,7,0.00970873786408
15814,10268,4,0.00566343042071
15848,10268,2,0.00283171521036
18137,10268,1,0.00121359223301
20767,10268,3,0.00404530744337
22064,10268,4,0.00566343042071
23982,10268,1,0.00121359223301
24094,10268,2,0.00283171521036
24435,10268,2,0.00283171521036
26352,10268,11,0.0153721682848
28251,10268,3,0.00404530744337
32058,10268,6,0.00849514563107
33827,10268,1,0.00121359223301
100564,10293,11,0.0607798165138
10075,10293,1,0.00573394495413
101925,10293,10,0.0550458715596
101927,10293,11,0.0607798165138
10230,10293,2,0.0114678899083
10268,10293,3,0.0160550458716
103746,10293,2,0.0114678899083
10607,10293,76,0.420871559633
10627,10293,2,0.0114678899083
10820,10293,1,0.00573394495413
11282,10293,2,0.0114678899083
11531,10293,1,0.00573394495413
11734,10293,1,0.00573394495413
11782,10293,2,0.0114678899083
11836,10293,1,0.00573394495413
11936,10293,1,0.00573394495413
11976,10293,21,0.115825688073
11982,10293,1,0.00573394495413
12412,10293,5,0.0275229357798
12567,10293,1,0.00573394495413
13115,10293,6,0.0332568807339
13176,10293,9,0.0493119266055
13264,10293,2,0.0114678899083
13980,10293,1,0.00573394495413
14041,10293,1,0.00573394495413
15814,10293,1,0.00573394495413
163638,10293,1,0.00573394495413
18137,10293,2,0.0114678899083
20767,10293,1,0.00573394495413
27028,10293,1,0.00573394495413
10529,103678,9,0.750010083491
16144,103678,2,0.166659944339
24371,103678,1,0.0833299721696
100564,10374,26,0.0612244897959
100808,10374,41,0.0957613814757
101927,10374,18,0.0423861852433
101970,10374,1,0.00235478806907
10230,10374,3,0.00706436420722
10268,10374,6,0.0141287284144
10293,10374,11,0.0259026687598
103757,10374,1,0.00235478806907
10424,10374,4,0.0094191522763
10607,10374,1,0.00235478806907
10627,10374,33,0.0777080062794
10655,10374,200,0.468602825746
10686,10374,7,0.0164835164835
10820,10374,10,0.0235478806907
10979,10374,17,0.0400313971743
11590,10374,2,0.00470957613815
11734,10374,1,0.00235478806907
13264,10374,3,0.00706436420722
14299,10374,25,0.0588697017268
18233,10374,13,0.030612244898
24678,10374,1,0.00235478806907
33827,10374,2,0.00470957613815
101952,103746,1,0.0204133144029
101962,103746,2,0.0408108534469
10293,103746,16,0.326534153652
103760,103746,5,0.102035021297
10529,103746,7,0.142861650103
10926,103746,3,0.0612241678498
12789,103746,2,0.0408108534469
14299,103746,1,0.0204133144029
19323,103746,1,0.0204133144029
19400,103746,5,0.102035021297
25597,103746,1,0.0204133144029
27136,103746,2,0.0408108534469
28863,103746,3,0.0612241678498
103757,103750,3,0.187494687452
153333,103750,13,0.812505312548
100412,103757,2,0.0833443228274
103750,103757,1,0.0416721614137
11782,103757,1,0.0416721614137
153333,103757,17,0.70832124489
27304,103757,3,0.124990109455
101962,103760,3,0.0411017609475
101965,103760,2,0.0273881876266
10293,103760,9,0.123285803335
103746,103760,11,0.150693470469
10529,103760,13,0.178081658096
10926,103760,11,0.150693470469
12789,103760,4,0.0547958547608
12957,103760,2,0.0273881876266
16012,103760,4,0.0547958547608
19400,103760,2,0.0273881876266
25597,103760,4,0.0547958547608
27136,103760,4,0.0547958547608
28863,103760,4,0.0547958547608
21674,103884,5,0.277780222198
28251,103884,12,0.666659333407
33827,103884,1,0.0555604443956
100564,10424,5,0.0268123138034
101925,10424,5,0.0268123138034
101927,10424,3,0.0158887785501
10230,10424,2,0.0109235352532
10293,10424,1,0.00496524329692
10374,10424,3,0.0158887785501
103750,10424,18,0.0963257199603
103757,10424,15,0.0804369414101
103884,10424,23,0.123138033764
10627,10424,8,0.0427010923535
10686,10424,5,0.0268123138034
10820,10424,3,0.0158887785501
11531,10424,3,0.0158887785501
11590,10424,1,0.00496524329692
11734,10424,2,0.0109235352532
11782,10424,1,0.00496524329692
11836,10424,31,0.165839126117
11976,10424,2,0.0109235352532
11982,10424,4,0.0218470705065
12376,10424,1,0.00496524329692
12412,10424,4,0.0218470705065
13176,10424,2,0.0109235352532
13264,10424,2,0.0109235352532
13980,10424,3,0.0158887785501
14041,10424,1,0.00496524329692
14380,10424,4,0.0218470705065
15814,10424,1,0.00496524329692
163638,10424,1,0.00496524329692
18137,10424,1,0.00496524329692
20767,10424,1,0.00496524329692
21674,10424,4,0.0218470705065
22064,10424,15,0.0804369414101
24435,10424,5,0.0268123138034
27306,10424,1,0.00496524329692
28251,10424,2,0.0109235352532
32058,10424,2,0.0109235352532
33827,10424,2,0.0109235352532
100028,10529,3,0.0118590861528
10127,10529,5,0.0198814091385
101965,10529,6,0.0240669689571
103678,10529,13,0.0519707010813
103746,10529,5,0.0198814091385
103760,10529,6,0.0240669689571
10926,10529,15,0.059993024067
11039,10529,16,0.0641785838856
11499,10529,42,0.1684687827
12109,10529,4,0.0160446459714
12789,10529,5,0.0198814091385
12869,10529,2,0.0080223229857
12957,10529,1,0.00383676316707
14808,10529,19,0.0760376700384
15679,10529,1,0.00383676316707
16012,10529,5,0.0198814091385
16144,10529,2,0.0080223229857
17341,10529,2,0.0080223229857
18233,10529,21,0.0840599930241
18426,10529,1,0.00383676316707
19027,10529,38,0.152424136728
19297,10529,1,0.00383676316707
19400,10529,5,0.0198814091385
23530,10529,2,0.0080223229857
24371,10529,27,0.108126961981
26537,10529,2,0.0080223229857
27677,10529,1,0.00383676316707
100531,10584,100,1
100412,10607,38,0.130434782609
101952,10607,7,0.0231884057971
101962,10607,1,0.00289855072464
10230,10607,3,0.0115942028986
102663,10607,9,0.031884057971
10424,10607,7,0.0231884057971
10627,10607,4,0.0144927536232
10655,10607,2,0.00579710144928
10686,10607,1,0.00289855072464
10820,10607,9,0.031884057971
11282,10607,1,0.00289855072464
11531,10607,5,0.0173913043478
11590,10607,3,0.0115942028986
11688,10607,3,0.0115942028986
11782,10607,3,0.0115942028986
12260,10607,28,0.095652173913
12376,10607,145,0.495652173913
13176,10607,1,0.00289855072464
13980,10607,2,0.00579710144928
14041,10607,1,0.00289855072464
14299,10607,13,0.0434782608696
14783,10607,1,0.00289855072464
159848,10607,3,0.0115942028986
16012,10607,1,0.00289855072464
28251,10607,1,0.00289855072464
100564,10627,1,0.000766283524904
101246,10627,28,0.0176245210728
101925,10627,2,0.00153256704981
10230,10627,29,0.0183908045977
10268,10627,128,0.0804597701149
10293,10627,1,0.000766283524904
10374,10627,10,0.00613026819923
103750,10627,1,0.000766283524904
103757,10627,1,0.000766283524904
10424,10627,795,0.501149425287
10686,10627,71,0.0444444444444
10714,10627,2,0.00153256704981
10820,10627,45,0.0283524904215
11531,10627,7,0.00459770114943
11706,10627,1,0.000766283524904
11734,10627,36,0.0229885057471
11782,10627,28,0.0176245210728
11836,10627,4,0.00229885057471
11976,10627,1,0.000766283524904
12260,10627,4,0.00229885057471
12376,10627,35,0.0222222222222
13264,10627,283,0.178544061303
14041,10627,9,0.00536398467433
15034,10627,1,0.000766283524904
15814,10627,3,0.00153256704981
163638,10627,1,0.000766283524904
18137,10627,1,0.000766283524904
20767,10627,2,0.00153256704981
22064,10627,46,0.0291187739464
24094,10627,1,0.000766283524904
24435,10627,2,0.00153256704981
27304,10627,1,0.000766283524904
28251,10627,2,0.00153256704981
32058,10627,1,0.000766283524904
100564,10655,25,0.0572916666667
101927,10655,15,0.0345052083333
10268,10655,23,0.052734375
10374,10655,28,0.0638020833333
10665,10655,339,0.775390625
10686,10655,4,0.00911458333333
11982,10655,2,0.00455729166667
12412,10655,1,0.00260416666667
100564,10665,57,0.0744773519164
101925,10665,9,0.0117595818815
101927,10665,47,0.0614111498258
10268,10665,313,0.408536585366
10374,10665,5,0.0065331010453
10424,10665,288,0.375871080139
10627,10665,1,0.00130662020906
10655,10665,3,0.00391986062718
10686,10665,17,0.022212543554
10714,10665,2,0.00261324041812
10820,10665,2,0.00261324041812
11590,10665,1,0.00130662020906
12260,10665,1,0.00130662020906
12376,10665,18,0.0235191637631
13264,10665,1,0.00130662020906
21674,10665,1,0.00130662020906
100564,10686,68,0.18632309217
101927,10686,122,0.334985133796
10268,10686,11,0.0297324083251
10293,10686,4,0.0109018830525
10374,10686,4,0.0109018830525
103884,10686,56,0.153617443013
10424,10686,19,0.0525272547076
10607,10686,1,0.00297324083251
10627,10686,45,0.123885034688
10655,10686,11,0.0297324083251
10979,10686,1,0.00297324083251
11531,10686,1,0.00297324083251
11734,10686,4,0.0109018830525
11836,10686,1,0.00297324083251
13264,10686,11,0.0297324083251
15814,10686,1,0.00297324083251
21674,10686,1,0.00297324083251
28251,10686,1,0.00297324083251
32058,10686,2,0.00594648166501
100046,10714,37,0.822916666667
100531,10714,3,0.0659722222222
10293,10714,4,0.0902777777778
10584,10714,1,0.0208333333333
101246,10820,86,0.411085450346
101516,10820,1,0.00461893764434
10230,10820,2,0.00923787528868
10268,10820,1,0.00461893764434
10293,10820,2,0.00923787528868
103750,10820,4,0.0196304849885
103884,10820,5,0.0242494226328
10424,10820,3,0.013856812933
10686,10820,2,0.00923787528868
11282,10820,1,0.00461893764434
11531,10820,1,0.00461893764434
11734,10820,1,0.00461893764434
11782,10820,2,0.00923787528868
11976,10820,1,0.00461893764434
11982,10820,1,0.00461893764434
12376,10820,1,0.00461893764434
12412,10820,3,0.013856812933
12761,10820,4,0.0196304849885
13115,10820,1,0.00461893764434
13980,10820,1,0.00461893764434
14041,10820,1,0.00461893764434
15814,10820,3,0.013856812933
163638,10820,1,0.00461893764434
18137,10820,1,0.00461893764434
22064,10820,75,0.357967667436
27304,10820,1,0.00461893764434
28251,10820,4,0.0196304849885
33827,10820,1,0.00461893764434
100028,10926,40,0.366843885935
10127,10926,1,0.00918318028033
101952,10926,2,0.0183663605607
102663,10926,2,0.0183663605607
103671,10926,2,0.0183663605607
103678,10926,1,0.00918318028033
103760,10926,3,0.027549540841
11039,10926,30,0.275012083132
11499,10926,2,0.0183663605607
12109,10926,4,0.0367327211213
12869,10926,2,0.0183663605607
12957,10926,2,0.0183663605607
15679,10926,1,0.00918318028033
16144,10926,4,0.0367327211213
18233,10926,8,0.0734654422426
19027,10926,1,0.00918318028033
24371,10926,3,0.027549540841
28863,10926,1,0.00918318028033
100564,10979,11,0.0344053851907
10075,10979,2,0.00598354525056
101927,10979,28,0.0867614061331
10230,10979,1,0.00299177262528
10268,10979,189,0.587883320868
10374,10979,5,0.0157068062827
10424,10979,5,0.0157068062827
10655,10979,6,0.018698578908
10665,10979,47,0.145848915482
10686,10979,2,0.00598354525056
10714,10979,1,0.00299177262528
11590,10979,1,0.00299177262528
11688,10979,4,0.0127150336574
11982,10979,13,0.0403889304413
14380,10979,1,0.00299177262528
23982,10979,1,0.00299177262528
25052,10979,2,0.00598354525056
33827,10979,3,0.00897531787584
100405,11039,17,0.0509708737864
100808,11039,24,0.0718446601942
10127,11039,3,0.00898058252427
101952,11039,67,0.20072815534
101962,11039,2,0.00606796116505
101965,11039,7,0.0208737864078
101970,11039,12,0.0359223300971
102663,11039,5,0.0150485436893
103746,11039,3,0.00898058252427
103760,11039,3,0.00898058252427
10529,11039,2,0.00606796116505
10926,11039,32,0.0958737864078
12109,11039,1,0.00291262135922
12789,11039,1,0.00291262135922
12869,11039,5,0.0150485436893
13906,11039,2,0.00606796116505
14299,11039,2,0.00606796116505
16012,11039,10,0.029854368932
16144,11039,4,0.0118932038835
16646,11039,1,0.00291262135922
18233,11039,27,0.0808252427184
19027,11039,12,0.0359223300971
19323,11039,1,0.00291262135922
23530,11039,1,0.00291262135922
25597,11039,42,0.12572815534
27136,11039,32,0.0958737864078
27677,11039,11,0.0330097087379
28346,11039,1,0.00291262135922
28863,11039,1,0.00291262135922
29327,11039,3,0.00898058252427
100572,11282,20,0.0274207369323
101516,11282,11,0.0149957155099
101925,11282,1,0.0012853470437
101927,11282,3,0.00428449014567
10230,11282,9,0.0124250214225
10268,11282,1,0.0012853470437
10424,11282,33,0.0454155955441
10607,11282,1,0.0012853470437
10714,11282,1,0.0012853470437
10820,11282,55,0.0754070265638
10979,11282,59,0.0809768637532
11415,11282,26,0.0355612682091
11531,11282,5,0.00685518423308
11590,11282,59,0.0809768637532
11688,11282,13,0.0179948586118
11734,11282,1,0.0012853470437
11936,11282,9,0.0124250214225
11976,11282,2,0.0025706940874
11982,11282,158,0.217223650386
12260,11282,43,0.0591259640103
12567,11282,2,0.0025706940874
12761,11282,1,0.0012853470437
13176,11282,2,0.0025706940874
13980,11282,12,0.0162810625536
14196,11282,31,0.0424164524422
14380,11282,17,0.0235646958012
15814,11282,17,0.0235646958012
15848,11282,1,0.0012853470437
18137,11282,63,0.0865467009426
19886,11282,2,0.0025706940874
20767,11282,34,0.0467009425878
22729,11282,1,0.0012853470437
23982,11282,4,0.00556983718937
24094,11282,4,0.00556983718937
25052,11282,10,0.0137103684662
26352,11282,15,0.0205655526992
28251,11282,1,0.0012853470437
32058,11282,2,0.0025706940874
100564,11415,4,0.00872410032715
100572,11415,1,0.00218102508179
10075,11415,4,0.00872410032715
101246,11415,21,0.0447110141767
101925,11415,5,0.0109051254089
101927,11415,5,0.0109051254089
10230,11415,4,0.00872410032715
10268,11415,2,0.00436205016358
10293,11415,2,0.00436205016358
103750,11415,1,0.00218102508179
10820,11415,1,0.00218102508179
10979,11415,13,0.0272628135224
11282,11415,53,0.113413304253
11531,11415,1,0.00218102508179
11688,11415,9,0.0196292257361
11734,11415,3,0.00654307524537
11836,11415,1,0.00218102508179
11936,11415,13,0.0272628135224
11976,11415,38,0.0806979280262
12260,11415,2,0.00436205016358
12376,11415,3,0.00654307524537
12412,11415,5,0.0109051254089
12567,11415,12,0.0250817884406
13176,11415,1,0.00218102508179
13819,11415,2,0.00436205016358
13980,11415,6,0.0130861504907
14196,11415,5,0.0109051254089
14380,11415,3,0.00654307524537
15814,11415,2,0.00436205016358
15848,11415,2,0.00436205016358
163638,11415,71,0.151581243184
20767,11415,76,0.162486368593
21674,11415,1,0.00218102508179
23982,11415,14,0.0294438386041
24094,11415,23,0.0490730643402
24435,11415,1,0.00218102508179
25052,11415,37,0.0785169029444
26352,11415,12,0.0250817884406
27028,11415,2,0.00436205016358
27304,11415,1,0.00218102508179
27306,11415,5,0.0109051254089
28251,11415,1,0.00218102508179
100028,11499,1,0.0039100684262
10127,11499,108,0.374389051808
103671,11499,37,0.128054740958
103678,11499,6,0.0205278592375
10529,11499,7,0.0244379276637
11039,11499,2,0.00684261974585
12109,11499,100,0.346041055718
12789,11499,2,0.00684261974585
12957,11499,4,0.0136852394917
14808,11499,1,0.0039100684262
15679,11499,1,0.0039100684262
16144,11499,4,0.0136852394917
16646,11499,1,0.0039100684262
18233,11499,1,0.0039100684262
18426,11499,1,0.0039100684262
19297,11499,1,0.0039100684262
21128,11499,3,0.010752688172
26537,11499,2,0.00684261974585
28863,11499,6,0.0205278592375
100564,11531,1,0.00133451957295
101246,11531,35,0.0431494661922
10230,11531,1,0.00133451957295
102663,11531,1,0.00133451957295
10268,11531,5,0.00622775800712
10293,11531,2,0.00266903914591
10424,11531,417,0.516459074733
10665,11531,1,0.00133451957295
10820,11531,7,0.00845195729537
11415,11531,1,0.00133451957295
11590,11531,2,0.00266903914591
11688,11531,8,0.00978647686833
11734,11531,1,0.00133451957295
11782,11531,250,0.309608540925
11836,11531,1,0.00133451957295
11976,11531,6,0.00756227758007
11982,11531,1,0.00133451957295
12260,11531,6,0.00756227758007
12376,11531,15,0.0186832740214
12412,11531,2,0.00266903914591
12567,11531,1,0.00133451957295
13399,11531,1,0.00133451957295
14041,11531,1,0.00133451957295
14380,11531,2,0.00266903914591
14783,11531,1,0.00133451957295
159848,11531,10,0.0124555160142
163638,11531,1,0.00133451957295
18137,11531,1,0.00133451957295
22064,11531,21,0.0258007117438
27304,11531,3,0.00355871886121
33827,11531,1,0.00133451957295
100564,11590,29,0.134357005758
100572,11590,2,0.00959692898273
101516,11590,2,0.00959692898273
101927,11590,7,0.0326295585413
10268,11590,111,0.515355086372
10655,11590,3,0.0143953934741
10665,11590,10,0.0460652591171
10820,11590,4,0.0182341650672
10979,11590,14,0.0652591170825
11982,11590,1,0.00479846449136
12412,11590,2,0.00959692898273
13980,11590,4,0.0182341650672
14196,11590,21,0.0978886756238
14380,11590,1,0.00479846449136
15034,11590,2,0.00959692898273
163638,11590,1,0.00479846449136
28251,11590,1,0.00479846449136
10584,11657,2,0.5
12704,11657,1,0.25
173560,11657,1,0.25
100564,11688,12,0.0366847826087
101925,11688,13,0.0397418478261
101927,11688,23,0.0703125
10268,11688,234,0.715692934783
10424,11688,9,0.0275135869565
10820,11688,1,0.00305706521739
11590,11688,1,0.00305706521739
11734,11688,1,0.00305706521739
11936,11688,1,0.00305706521739
11976,11688,5,0.015285326087
12376,11688,13,0.0397418478261
12567,11688,1,0.00305706521739
14380,11688,1,0.00305706521739
18137,11688,1,0.00305706521739
20767,11688,10,0.0305706521739
32058,11688,1,0.00305706521739
101246,11706,52,0.520833333333
10230,11706,6,0.0625
10424,11706,3,0.0208333333333
11282,11706,4,0.0416666666667
11415,11706,1,0
11734,11706,2,0.0208333333333
11836,11706,1,0
11936,11706,1,0
11982,11706,1,0
12376,11706,1,0
12412,11706,1,0
13115,11706,19,0.1875
13264,11706,2,0.0208333333333
14536,11706,2,0.0208333333333
18137,11706,3,0.0208333333333
22064,11706,4,0.0416666666667
25052,11706,1,0
27304,11706,2,0.0208333333333
32058,11706,1,0
33827,11706,2,0.0208333333333
100564,11734,8,0.0164165103189
101927,11734,17,0.0351782363977
10230,11734,24,0.0492495309568
10268,11734,29,0.0595684803002
10293,11734,5,0.0103189493433
10374,11734,1,0.00187617260788
103884,11734,18,0.0370544090056
10424,11734,6,0.0121951219512
10627,11734,79,0.162757973734
10686,11734,3,0.00609756097561
11282,11734,5,0.0103189493433
11415,11734,5,0.0103189493433
11531,11734,97,0.199812382739
11688,11734,1,0.00187617260788
11782,11734,2,0.00422138836773
11836,11734,2,0.00422138836773
11936,11734,2,0.00422138836773
12260,11734,29,0.0595684803002
12376,11734,111,0.228893058161
12567,11734,1,0.00187617260788
13163,11734,1,0.00187617260788
13176,11734,17,0.0351782363977
14041,11734,2,0.00422138836773
14196,11734,2,0.00422138836773
14380,11734,1,0.00187617260788
163638,11734,1,0.00187617260788
18137,11734,6,0.0121951219512
19400,11734,2,0.00422138836773
21674,11734,2,0.00422138836773
22729,11734,2,0.00422138836773
27028,11734,1,0.00187617260788
27306,11734,1,0.00187617260788
28251,11734,1,0.00187617260788
33827,11734,2,0.00422138836773
100564,11782,8,0.00969864911673
101516,11782,17,0.0207828195359
101925,11782,1,0.00138552130239
101927,11782,3,0.00381018358157
10230,11782,12,0.0145479736751
10268,11782,4,0.00484932455837
103750,11782,16,0.0193972982335
103757,11782,12,0.0145479736751
103884,11782,11,0.0135088326983
10627,11782,152,0.184967093869
10655,11782,1,0.00138552130239
10686,11782,2,0.00242466227918
10820,11782,196,0.238656044337
11531,11782,15,0.0183581572567
11688,11782,2,0.00242466227918
11734,11782,86,0.10460685833
11836,11782,5,0.00623484586076
11982,11782,4,0.00484932455837
12260,11782,16,0.0193972982335
12376,11782,210,0.255628680291
13264,11782,11,0.0135088326983
14041,11782,2,0.00242466227918
15034,11782,9,0.0110841704191
153333,11782,1,0.00138552130239
15814,11782,2,0.00242466227918
163638,11782,15,0.0183581572567
21674,11782,1,0.00138552130239
22064,11782,1,0.00138552130239
24435,11782,1,0.00138552130239
27028,11782,3,0.00381018358157
32058,11782,1,0.00138552130239
100564,11836,56,0.0765100671141
101925,11836,24,0.0328859060403
101927,11836,74,0.101342281879
10268,11836,277,0.379194630872
10293,11836,35,0.0476510067114
10374,11836,1,0.00134228187919
10424,11836,11,0.0147651006711
10607,11836,177,0.242281879195
10979,11836,3,0.00402684563758
11282,11836,2,0.00268456375839
11590,11836,11,0.0147651006711
11734,11836,4,0.00536912751678
11782,11836,7,0.00939597315436
11936,11836,1,0.00134228187919
11982,11836,1,0.00134228187919
12260,11836,4,0.00536912751678
12376,11836,7,0.00939597315436
13176,11836,5,0.00671140939597
13264,11836,1,0.00134228187919
13980,11836,4,0.00536912751678
14041,11836,1,0.00134228187919
14380,11836,7,0.00939597315436
15034,11836,3,0.00402684563758
15814,11836,13,0.0181208053691
15848,11836,1,0.00134228187919
22729,11836,1,0.00134228187919
24094,11836,1,0.00134228187919
100564,11936,33,0.126062322946
101925,11936,1,0.0042492917847
101927,11936,21,0.0807365439093
10230,11936,2,0.0070821529745
10268,11936,14,0.0538243626062
10293,11936,1,0.0042492917847
10607,11936,3,0.0113314447592
10627,11936,2,0.0070821529745
10820,11936,7,0.0269121813031
10979,11936,1,0.0042492917847
11282,11936,31,0.118980169972
11415,11936,5,0.0184135977337
11590,11936,6,0.0226628895184
11688,11936,3,0.0113314447592
11734,11936,4,0.0155807365439
11836,11936,25,0.0949008498584
11976,11936,7,0.0269121813031
12260,11936,3,0.0113314447592
12376,11936,7,0.0269121813031
12567,11936,6,0.0226628895184
13115,11936,1,0.0042492917847
13176,11936,8,0.0311614730878
13980,11936,7,0.0269121813031
14380,11936,6,0.0226628895184
14536,11936,4,0.0155807365439
15034,11936,1,0.0042492917847
15814,11936,15,0.056657223796
15848,11936,4,0.0155807365439
20767,11936,26,0.0991501416431
21674,11936,1,0.0042492917847
22729,11936,1,0.0042492917847
23982,11936,1,0.0042492917847
25052,11936,4,0.0155807365439
100564,11976,19,0.0245192307692
101246,11976,11,0.0144230769231
101925,11976,3,0.00384615384615
101927,11976,28,0.0360576923077
10230,11976,2,0.00240384615385
10268,11976,311,0.402403846154
103884,11976,1,0.00144230769231
10424,11976,3,0.00384615384615
10820,11976,4,0.00528846153846
11282,11976,42,0.0543269230769
11415,11976,2,0.00240384615385
11688,11976,207,0.267788461538
11936,11976,18,0.0230769230769
12260,11976,2,0.00240384615385
12376,11976,51,0.0658653846154
12412,11976,3,0.00384615384615
12567,11976,7,0.00913461538462
13115,11976,2,0.00240384615385
13176,11976,4,0.00528846153846
13264,11976,1,0.00144230769231
13980,11976,3,0.00384615384615
14041,11976,3,0.00384615384615
14196,11976,1,0.00144230769231
14380,11976,3,0.00384615384615
18137,11976,3,0.00384615384615
20767,11976,13,0.0168269230769
22064,11976,9,0.0115384615385
23982,11976,1,0.00144230769231
24094,11976,2,0.00240384615385
24435,11976,1,0.00144230769231
25052,11976,8,0.0105769230769
26352,11976,1,0.00144230769231
27028,11976,1,0.00144230769231
27306,11976,1,0.00144230769231
28251,11976,2,0.00240384615385
100564,11982,119,0.211794726396
100572,11982,3,0.00538701445988
101516,11982,2,0.00368585199887
101925,11982,23,0.0408278990644
101927,11982,138,0.245817975617
10268,11982,177,0.314998582365
10424,11982,23,0.0408278990644
10655,11982,1,0.00170116246102
10820,11982,5,0.00878933938191
10979,11982,1,0.00170116246102
11282,11982,3,0.00538701445988
11590,11982,4,0.0070881769209
11688,11982,4,0.0070881769209
11734,11982,1,0.00170116246102
11782,11982,17,0.0303373972214
11836,11982,2,0.00368585199887
12260,11982,1,0.00170116246102
13176,11982,1,0.00170116246102
14041,11982,14,0.0249503827616
15034,11982,3,0.00538701445988
15814,11982,3,0.00538701445988
15848,11982,4,0.0070881769209
20767,11982,1,0.00170116246102
21674,11982,2,0.00368585199887
24435,11982,4,0.0070881769209
27306,11982,1,0.00170116246102
28251,11982,1,0.00170116246102
32058,11982,3,0.00538701445988
33827,11982,1,0.00170116246102
100405,12109,2,0.003256003256
10127,12109,70,0.11396011396
101952,12109,2,0.003256003256
101962,12109,2,0.003256003256
101965,12109,28,0.045584045584
101970,12109,1,0.001628001628
103760,12109,15,0.02442002442
10926,12109,5,0.00814000814001
11039,12109,4,0.00651200651201
11499,12109,54,0.0879120879121
12789,12109,25,0.0407000407
12869,12109,28,0.045584045584
12957,12109,57,0.0927960927961
13906,12109,95,0.155067155067
14299,12109,14,0.022792022792
14808,12109,9,0.014652014652
16012,12109,7,0.011396011396
16144,12109,20,0.03256003256
16646,12109,6,0.00976800976801
17341,12109,2,0.003256003256
18233,12109,40,0.0651200651201
18426,12109,16,0.026048026048
19027,12109,3,0.004884004884
19297,12109,2,0.003256003256
19323,12109,2,0.003256003256
19400,12109,5,0.00814000814001
23530,12109,17,0.027676027676
24994,12109,36,0.0586080586081
27136,12109,2,0.003256003256
27677,12109,1,0.001628001628
28346,12109,21,0.034188034188
28863,12109,23,0.037444037444
100564,12260,72,0.0818882466281
101246,12260,1,0.000963391136802
101516,12260,7,0.00818882466281
101925,12260,29,0.0332369942197
101927,12260,99,0.112716763006
10230,12260,1,0.000963391136802
10268,12260,540,0.614643545279
103757,12260,5,0.00578034682081
10424,12260,8,0.00915221579961
10627,12260,1,0.000963391136802
10655,12260,1,0.000963391136802
10665,12260,1,0.000963391136802
10686,12260,3,0.00337186897881
10820,12260,1,0.000963391136802
10979,12260,2,0.002408477842
11531,12260,4,0.00433526011561
11688,12260,6,0.00674373795761
11734,12260,18,0.0207129094412
11782,12260,30,0.0342003853565
11836,12260,8,0.00915221579961
11936,12260,3,0.00337186897881
11976,12260,2,0.002408477842
12376,12260,5,0.00578034682081
12412,12260,3,0.00337186897881
12567,12260,2,0.002408477842
13176,12260,2,0.002408477842
13264,12260,1,0.000963391136802
13980,12260,5,0.00578034682081
14380,12260,13,0.0149325626204
15034,12260,1,0.000963391136802
21674,12260,1,0.000963391136802
26352,12260,1,0.000963391136802
28251,12260,2,0.002408477842
32058,12260,1,0.000963391136802
100412,12376,10,0.0176600441501
100564,12376,6,0.0110375275938
101925,12376,9,0.0165562913907
101927,12376,28,0.0507726269316
101952,12376,2,0.00331125827815
101962,12376,1,0.00220750551876
10230,12376,4,0.00772626931567
102663,12376,8,0.014348785872
10268,12376,4,0.00772626931567
10293,12376,6,0.0110375275938
103884,12376,24,0.0441501103753
10424,12376,10,0.0176600441501
10607,12376,86,0.156732891832
10627,12376,20,0.0364238410596
10655,12376,1,0.00220750551876
10665,12376,1,0.00220750551876
10686,12376,2,0.00331125827815
10820,12376,4,0.00772626931567
11415,12376,1,0.00220750551876
11531,12376,1,0.00220750551876
11590,12376,47,0.0860927152318
11688,12376,11,0.0198675496689
11734,12376,64,0.116997792494
11782,12376,11,0.0198675496689
11836,12376,26,0.0474613686534
11976,12376,3,0.00551876379691
12260,12376,16,0.0286975717439
12412,12376,1,0.00220750551876
13176,12376,4,0.00772626931567
13264,12376,123,0.224061810155
14041,12376,1,0.00220750551876
15814,12376,1,0.00220750551876
15848,12376,1,0.00220750551876
163638,12376,3,0.00551876379691
19323,12376,1,0.00220750551876
21674,12376,3,0.00551876379691
28251,12376,1,0.00220750551876
32058,12376,1,0.00220750551876
100564,12412,1,0.00317258883249
100572,12412,11,0.0355329949239
101516,12412,30,0.0970812182741
10268,12412,3,0.00951776649746
10293,12412,6,0.0196700507614
10424,12412,3,0.00951776649746
10686,12412,3,0.00951776649746
10820,12412,4,0.0126903553299
10979,12412,3,0.00951776649746
11282,12412,2,0.00634517766497
11590,12412,1,0.00317258883249
11688,12412,3,0.00951776649746
11782,12412,1,0.00317258883249
11936,12412,2,0.00634517766497
11976,12412,2,0.00634517766497
11982,12412,204,0.659263959391
12260,12412,1,0.00317258883249
12376,12412,8,0.0260152284264
13176,12412,1,0.00317258883249
13264,12412,1,0.00317258883249
14041,12412,5,0.0158629441624
14536,12412,2,0.00634517766497
15848,12412,1,0.00317258883249
20767,12412,2,0.00634517766497
22064,12412,1,0.00317258883249
27306,12412,6,0.0196700507614
28251,12412,2,0.00634517766497
32058,12412,1,0.00317258883249
100564,12567,28,0.0996677740864
101516,12567,2,0.00664451827243
101927,12567,11,0.0398671096346
10230,12567,14,0.0498338870432
10268,12567,9,0.031561461794
10293,12567,4,0.014950166113
10607,12567,11,0.0398671096346
10665,12567,1,0.00332225913621
10820,12567,7,0.0249169435216
10979,12567,1,0.00332225913621
11282,12567,44,0.156146179402
11415,12567,6,0.0215946843854
11590,12567,4,0.014950166113
11688,12567,12,0.0431893687708
11836,12567,30,0.106312292359
11936,12567,6,0.0215946843854
11976,12567,5,0.0182724252492
11982,12567,1,0.00332225913621
12260,12567,6,0.0215946843854
12412,12567,3,0.00996677740864
13176,12567,5,0.0182724252492
13980,12567,11,0.0398671096346
14380,12567,10,0.0348837209302
15814,12567,19,0.0681063122924
18137,12567,3,0.00996677740864
20767,12567,15,0.0531561461794
23982,12567,1,0.00332225913621
24094,12567,4,0.014950166113
24435,12567,2,0.00664451827243
25052,12567,3,0.00996677740864
27306,12567,3,0.00996677740864
10584,12704,1,0.0857142857143
11657,12704,9,0.828571428571
173560,12704,1,0.0857142857143
101246,12761,5,0.0274798927614
10230,12761,10,0.0549597855228
10607,12761,1,0.00536193029491
10820,12761,4,0.0221179624665
11282,12761,53,0.292225201072
11415,12761,1,0.00536193029491
11688,12761,1,0.00536193029491
11734,12761,59,0.325067024129
11936,12761,5,0.0274798927614
12412,12761,1,0.00536193029491
12567,12761,4,0.0221179624665
13115,12761,6,0.0328418230563
13399,12761,2,0.0107238605898
13819,12761,1,0.00536193029491
13980,12761,2,0.0107238605898
14041,12761,5,0.0274798927614
14380,12761,6,0.0328418230563
14536,12761,1,0.00536193029491
163638,12761,11,0.0603217158177
18137,12761,2,0.0107238605898
26352,12761,1,0.00536193029491
27028,12761,1,0.00536193029491
100405,12789,4,0.00706033376123
10127,12789,7,0.0124090714591
101952,12789,4,0.00706033376123
101962,12789,8,0.0141206675225
101965,12789,2,0.00363714163457
103746,12789,13,0.0231065468549
103760,12789,41,0.0727428326915
10529,12789,2,0.00363714163457
10926,12789,2,0.00363714163457
11039,12789,1,0.00171159606333
11499,12789,87,0.154257595208
12109,12789,1,0.00171159606333
12869,12789,5,0.00877192982456
12957,12789,29,0.0513478818999
13906,12789,41,0.0727428326915
14299,12789,3,0.0053487376979
14808,12789,1,0.00171159606333
16012,12789,2,0.00363714163457
17341,12789,10,0.017757809157
18233,12789,123,0.218014548567
18426,12789,17,0.0301668806162
19027,12789,3,0.0053487376979
19297,12789,2,0.00363714163457
19323,12789,10,0.017757809157
19400,12789,2,0.00363714163457
21128,12789,3,0.0053487376979
23530,12789,5,0.00877192982456
24451,12789,2,0.00363714163457
24678,12789,7,0.0124090714591
24994,12789,28,0.0496362858365
25597,12789,26,0.045999144202
27136,12789,8,0.0141206675225
28346,12789,8,0.0141206675225
28863,12789,56,0.0992725716731
29327,12789,1,0.00171159606333
100028,12869,1,0.00137147335423
100405,12869,36,0.0495689655172
10127,12869,23,0.0317398119122
101962,12869,12,0.0164576802508
102663,12869,14,0.0192006269592
103746,12869,17,0.0233150470219
103760,12869,24,0.0331112852665
10529,12869,1,0.00137147335423
10926,12869,2,0.00274294670846
11039,12869,3,0.0041144200627
11499,12869,3,0.0041144200627
12109,12869,4,0.00548589341693
12789,12869,46,0.0632836990596
12957,12869,62,0.0854231974922
13906,12869,5,0.00685736677116
14299,12869,1,0.00137147335423
14808,12869,15,0.0205721003135
15679,12869,16,0.0219435736677
16012,12869,16,0.0219435736677
16144,12869,30,0.0413401253918
16646,12869,8,0.0109717868339
17341,12869,12,0.0164576802508
18233,12869,1,0.00137147335423
18426,12869,89,0.122452978056
19027,12869,2,0.00274294670846
19297,12869,14,0.0192006269592
19323,12869,14,0.0192006269592
19400,12869,8,0.0109717868339
21128,12869,26,0.0358542319749
23530,12869,8,0.0109717868339
24451,12869,16,0.0219435736677
24678,12869,21,0.0289968652038
24994,12869,4,0.00548589341693
25597,12869,5,0.00685736677116
26537,12869,7,0.00960031347962
27136,12869,14,0.0192006269592
27677,12869,1,0.00137147335423
28863,12869,132,0.181818181818
29327,12869,14,0.0192006269592
10127,12957,18,0.0283018867925
101952,12957,2,0.00314465408805
101962,12957,27,0.0423899371069
101965,12957,31,0.048679245283
102663,12957,6,0.00943396226415
103746,12957,3,0.00465408805031
103760,12957,3,0.00465408805031
10529,12957,3,0.00465408805031
10926,12957,3,0.00465408805031
11499,12957,75,0.11786163522
12109,12957,9,0.0140880503145
12789,12957,9,0.0140880503145
12869,12957,9,0.0140880503145
13906,12957,3,0.00465408805031
14299,12957,44,0.0691823899371
14808,12957,31,0.048679245283
15679,12957,1,0.00150943396226
16012,12957,15,0.0235220125786
16144,12957,42,0.0660377358491
16646,12957,1,0.00150943396226
17341,12957,40,0.062893081761
18233,12957,99,0.155597484277
18426,12957,4,0.0062893081761
19027,12957,1,0.00150943396226
19297,12957,19,0.0298113207547
19323,12957,18,0.0283018867925
19400,12957,23,0.0361006289308
21128,12957,6,0.00943396226415
23530,12957,25,0.0392452830189
24451,12957,6,0.00943396226415
24678,12957,1,0.00150943396226
24994,12957,2,0.00314465408805
27136,12957,5,0.00779874213836
28346,12957,31,0.048679245283
28863,12957,17,0.0266666666667
29327,12957,5,0.00779874213836
101246,13115,8,0.112359550562
10230,13115,1,0.0112359550562
10424,13115,5,0.0674157303371
11282,13115,18,0.247191011236
11415,13115,1,0.0112359550562
11590,13115,1,0.0112359550562
11688,13115,5,0.0674157303371
11706,13115,2,0.0224719101124
11734,13115,8,0.112359550562
11936,13115,2,0.0224719101124
12567,13115,2,0.0224719101124
13980,13115,2,0.0224719101124
14783,13115,3,0.0449438202247
18137,13115,11,0.14606741573
22064,13115,4,0.0561797752809
27306,13115,2,0.0224719101124
101246,13163,4,0.0150602409639
10230,13163,135,0.512048192771
103750,13163,2,0.00753012048193
10820,13163,72,0.272590361446
11531,13163,8,0.0301204819277
11976,13163,1,0.00451807228916
12260,13163,1,0.00451807228916
12412,13163,2,0.00753012048193
13399,13163,1,0.00451807228916
14196,13163,4,0.0150602409639
163638,13163,32,0.121987951807
22729,13163,1,0.00451807228916
100564,13176,23,0.0355828220859
101925,13176,3,0.00490797546012
101927,13176,19,0.0294478527607
10230,13176,6,0.00858895705521
10268,13176,312,0.474846625767
10424,13176,6,0.00858895705521
10607,13176,14,0.0208588957055
10627,13176,8,0.0122699386503
10686,13176,1,0.00122699386503
10820,13176,1,0.00122699386503
11531,13176,1,0.00122699386503
11590,13176,2,0.00245398773006
11688,13176,9,0.0134969325153
11734,13176,10,0.0147239263804
11836,13176,10,0.0147239263804
11976,13176,1,0.00122699386503
11982,13176,3,0.00490797546012
12260,13176,1,0.00122699386503
12376,13176,58,0.0883435582822
12412,13176,8,0.0122699386503
13980,13176,23,0.0355828220859
14041,13176,1,0.00122699386503
14196,13176,2,0.00245398773006
14380,13176,24,0.0368098159509
15034,13176,2,0.00245398773006
15814,13176,103,0.157055214724
163638,13176,1,0.00122699386503
20767,13176,4,0.00613496932515
28251,13176,3,0.00490797546012
100564,13264,38,0.0618720253834
101925,13264,50,0.081438392385
101927,13264,34,0.0555261766261
10230,13264,5,0.00793231094659
10268,13264,218,0.355896351137
10374,13264,15,0.0243257535695
10424,13264,17,0.0280274986779
10607,13264,48,0.0782654680063
10686,13264,14,0.0227392913802
10820,13264,3,0.00475938656795
11590,13264,7,0.011634056055
11688,13264,1,0.00158646218932
11782,13264,24,0.0391327340032
11836,13264,8,0.0132205182443
11976,13264,1,0.00158646218932
11982,13264,3,0.00475938656795
12376,13264,6,0.0100475938657
14041,13264,2,0.00317292437864
15034,13264,14,0.0227392913802
15814,13264,101,0.164992067689
18137,13264,2,0.00317292437864
28251,13264,1,0.00158646218932
32058,13264,1,0.00158646218932
101246,13399,1,0.00711743772242
10230,13399,25,0.188612099644
103750,13399,1,0.00711743772242
10820,13399,7,0.0524911032028
11531,13399,2,0.0151245551601
11734,13399,1,0.00711743772242
12260,13399,5,0.0373665480427
12376,13399,2,0.0151245551601
12412,13399,1,0.00711743772242
13163,13399,2,0.0151245551601
14041,13399,2,0.0151245551601
14380,13399,1,0.00711743772242
163638,13399,82,0.618327402135
18137,13399,1,0.00711743772242
10230,13819,44,0.266485998193
10293,13819,14,0.0849141824752
103750,13819,3,0.0180668473351
10820,13819,6,0.0361336946703
11282,13819,1,0.0063233965673
11415,13819,3,0.0180668473351
11706,13819,1,0.0063233965673
11734,13819,5,0.0307136404697
11936,13819,2,0.0117434507678
11976,13819,6,0.0361336946703
12260,13819,1,0.0063233965673
12376,13819,37,0.224028906956
12412,13819,19,0.115627822945
12567,13819,2,0.0117434507678
13115,13819,1,0.0063233965673
14536,13819,6,0.0361336946703
15814,13819,1,0.0063233965673
163638,13819,13,0.0785907859079
100405,13906,6,0.0119913769873
10127,13906,16,0.0320668283482
101962,13906,6,0.0119913769873
101965,13906,27,0.0541632983023
103746,13906,1,0.00202101859337
103760,13906,5,0.00997035839396
10529,13906,2,0.00404203718674
10926,13906,3,0.00606305578011
11039,13906,1,0.00202101859337
11499,13906,120,0.240501212611
12109,13906,9,0.0180544327674
12789,13906,16,0.0320668283482
12869,13906,10,0.0200754513608
12957,13906,4,0.00794933980059
14299,13906,27,0.0541632983023
14808,13906,11,0.0220964699542
15679,13906,1,0.00202101859337
16012,13906,12,0.0239827539747
16144,13906,7,0.0140123955807
16646,13906,8,0.0160334141741
17341,13906,7,0.0140123955807
18233,13906,120,0.240501212611
18426,13906,4,0.00794933980059
19027,13906,2,0.00404203718674
19297,13906,11,0.0220964699542
19323,13906,5,0.00997035839396
19400,13906,16,0.0320668283482
21128,13906,2,0.00404203718674
23530,13906,2,0.00404203718674
24678,13906,5,0.00997035839396
24994,13906,2,0.00404203718674
25597,13906,3,0.00606305578011
27136,13906,5,0.00997035839396
27677,13906,5,0.00997035839396
28346,13906,5,0.00997035839396
28863,13906,13,0.026003772568
100564,13980,4,0.00503597122302
100572,13980,24,0.0298561151079
10075,13980,2,0.00251798561151
101516,13980,19,0.0237410071942
101927,13980,1,0.00107913669065
10268,13980,2,0.00251798561151
10293,13980,5,0.00611510791367
10374,13980,6,0.00755395683453
10424,13980,19,0.0237410071942
10627,13980,2,0.00251798561151
10686,13980,1,0.00107913669065
10979,13980,257,0.320143884892
11282,13980,14,0.0172661870504
11531,13980,1,0.00107913669065
11590,13980,62,0.0773381294964
11688,13980,31,0.0384892086331
11936,13980,18,0.0223021582734
11976,13980,5,0.00611510791367
11982,13980,267,0.33273381295
12260,13980,9,0.0111510791367
12376,13980,10,0.0125899280576
12412,13980,6,0.00755395683453
12567,13980,18,0.0223021582734
13176,13980,1,0.00107913669065
13264,13980,1,0.00107913669065
14380,13980,9,0.0111510791367
15034,13980,4,0.00503597122302
159848,13980,3,0.00359712230216
20767,13980,1,0.00107913669065
23982,13980,1,0.00107913669065
26352,13980,1,0.00107913669065
100564,14041,8,0.0332496863237
101925,14041,6,0.0250941028858
101927,14041,27,0.112923462986
10230,14041,9,0.0376411543287
10268,14041,78,0.325595984944
10293,14041,1,0.00439146800502
103750,14041,2,0.00815558343789
103757,14041,1,0.00439146800502
10424,14041,4,0.0169385194479
10627,14041,9,0.0376411543287
10665,14041,1,0.00439146800502
10686,14041,1,0.00439146800502
10820,14041,50,0.208908406524
11531,14041,8,0.0332496863237
11688,14041,2,0.00815558343789
11734,14041,4,0.0169385194479
11782,14041,3,0.0125470514429
11836,14041,1,0.00439146800502
11976,14041,1,0.00439146800502
11982,14041,1,0.00439146800502
12260,14041,1,0.00439146800502
12376,14041,11,0.0457967377666
13176,14041,2,0.00815558343789
13264,14041,5,0.0207026348808
14380,14041,1,0.00439146800502
15814,14041,1,0.00439146800502
21674,14041,1,0.00439146800502
100564,14196,27,0.131039814457
101516,14196,1,0.00502512562814
101925,14196,15,0.0726710475454
101927,14196,33,0.16003092385
10268,14196,76,0.368380363355
10293,14196,23,0.11132586007
10424,14196,10,0.0483185156552
10820,14196,1,0.00502512562814
11734,14196,4,0.0193274062621
11836,14196,1,0.00502512562814
11976,14196,2,0.00966370313104
11982,14196,1,0.00502512562814
12376,14196,1,0.00502512562814
13176,14196,3,0.0146888287592
13264,14196,1,0.00502512562814
15034,14196,2,0.00966370313104
15814,14196,1,0.00502512562814
18137,14196,1,0.00502512562814
26352,14196,2,0.00966370313104
32058,14196,1,0.00502512562814
100405,14299,40,0.191318864775
100808,14299,20,0.0956594323873
10127,14299,5,0.0238731218698
101952,14299,14,0.0669449081803
101962,14299,3,0.0143572621035
101970,14299,41,0.195993322204
102663,14299,4,0.0191986644407
10293,14299,1,0.00484140233723
10374,14299,2,0.00951585976628
103746,14299,10,0.0477462437396
103760,14299,3,0.0143572621035
10926,14299,12,0.057429048414
12109,14299,4,0.0191986644407
12869,14299,4,0.0191986644407
12957,14299,1,0.00484140233723
13906,14299,1,0.00484140233723
15679,14299,8,0.0382303839733
16144,14299,1,0.00484140233723
18233,14299,4,0.0191986644407
18426,14299,8,0.0382303839733
19323,14299,2,0.00951585976628
23530,14299,5,0.0238731218698
24451,14299,1,0.00484140233723
24994,14299,1,0.00484140233723
25597,14299,9,0.0430717863105
27136,14299,4,0.0191986644407
29047,14299,1,0.00484140233723
100564,14380,2,0.00278379214352
100572,14380,15,0.0216517166718
10075,14380,2,0.00278379214352
101516,14380,22,0.0318589545314
10268,14380,4,0.00587689452521
10293,14380,1,0.00154655119084
10374,14380,4,0.00587689452521
10424,14380,14,0.0204144757191
10627,14380,7,0.0102072378596
10979,14380,195,0.283018867925
11282,14380,11,0.0160841323848
11590,14380,54,0.0782554902567
11688,14380,13,0.0188679245283
11734,14380,5,0.00711413547788
11936,14380,22,0.0318589545314
11976,14380,3,0.00433034333436
11982,14380,249,0.361583668419
12260,14380,4,0.00587689452521
12376,14380,8,0.0117537890504
12412,14380,4,0.00587689452521
12567,14380,20,0.0290751623879
13264,14380,1,0.00154655119084
13980,14380,7,0.0102072378596
15034,14380,2,0.00278379214352
15848,14380,2,0.00278379214352
159848,14380,2,0.00278379214352
23982,14380,4,0.00587689452521
24094,14380,4,0.00587689452521
24435,14380,1,0.00154655119084
25052,14380,3,0.00433034333436
26352,14380,2,0.00278379214352
32058,14380,2,0.00278379214352
10230,14536,9,0.0774058577406
103884,14536,5,0.0432357043236
10820,14536,29,0.250348675035
11282,14536,1,0.00836820083682
11706,14536,1,0.00836820083682
11976,14536,21,0.181311018131
12412,14536,30,0.258716875872
12567,14536,1,0.00836820083682
13980,14536,5,0.0432357043236
14380,14536,5,0.0432357043236
14783,14536,1,0.00836820083682
19886,14536,1,0.00836820083682
27306,14536,7,0.0606694560669
10293,14783,2,0.0066889632107
10424,14783,1,0.00334448160535
10607,14783,1,0.00334448160535
10979,14783,1,0.00334448160535
11282,14783,4,0.0127090301003
11531,14783,61,0.198662207358
11688,14783,2,0.0066889632107
11734,14783,14,0.0454849498328
11836,14783,2,0.0066889632107
11936,14783,21,0.0682274247492
11976,14783,2,0.0066889632107
12260,14783,38,0.123745819398
12376,14783,8,0.0260869565217
12412,14783,1,0.00334448160535
12567,14783,15,0.0488294314381
14380,14783,1,0.00334448160535
15814,14783,5,0.0160535117057
163638,14783,50,0.16254180602
18137,14783,68,0.221404682274
18440,14783,2,0.0066889632107
22729,14783,7,0.0227424749164
27028,14783,1,0.00334448160535
100028,14808,39,0.339032208823
100046,14808,1,0.00870096168524
103671,14808,10,0.0868569684018
103678,14808,5,0.0435048084262
10529,14808,4,0.034803846741
11039,14808,7,0.0609067317967
11499,14808,1,0.00870096168524
12109,14808,1,0.00870096168524
12869,14808,23,0.19996947031
12957,14808,2,0.0174019233705
13906,14808,2,0.0174019233705
15679,14808,6,0.0522057701114
16144,14808,4,0.034803846741
16646,14808,3,0.0261028850557
17341,14808,1,0.00870096168524
18426,14808,1,0.00870096168524
19297,14808,1,0.00870096168524
24371,14808,2,0.0174019233705
28863,14808,2,0.0174019233705
100564,15034,7,0.0274022652539
10075,15034,3,0.011691633175
101925,15034,1,0.00401899890391
101927,15034,16,0.062477164779
10268,15034,47,0.183412495433
10293,15034,1,0.00401899890391
103884,15034,11,0.0431128973328
10424,15034,2,0.0076726342711
10627,15034,28,0.109243697479
10686,15034,1,0.00401899890391
10979,15034,2,0.0076726342711
11415,15034,1,0.00401899890391
11688,15034,3,0.011691633175
11734,15034,56,0.218487394958
11782,15034,1,0.00401899890391
11836,15034,42,0.164048227987
11976,15034,2,0.0076726342711
11982,15034,2,0.0076726342711
12260,15034,1,0.00401899890391
12412,15034,1,0.00401899890391
13176,15034,7,0.0274022652539
13980,15034,5,0.0193642674461
14041,15034,1,0.00401899890391
14380,15034,11,0.0431128973328
20767,15034,1,0.00401899890391
24094,15034,2,0.0076726342711
32058,15034,1,0.00401899890391
100531,153333,2,0.0208617398418
101925,153333,2,0.0208617398418
103750,153333,11,0.114535042269
103757,153333,27,0.281292609763
10584,153333,3,0.0312244341424
10607,153333,22,0.229206435779
10627,153333,1,0.0103626943005
11415,153333,1,0.0103626943005
11531,153333,2,0.0208617398418
11590,153333,17,0.177120261794
13980,153333,2,0.0208617398418
15814,153333,2,0.0208617398418
18137,153333,2,0.0208617398418
27304,153333,1,0.0103626943005
28251,153333,1,0.0103626943005
100028,15679,1,0.00259067357513
100405,15679,38,0.100388601036
101952,15679,1,0.00259067357513
101962,15679,5,0.0131692573402
101970,15679,2,0.00518134715026
102663,15679,3,0.00798791018998
103671,15679,2,0.00518134715026
103746,15679,3,0.00798791018998
10529,15679,1,0.00259067357513
11499,15679,61,0.161269430052
12109,15679,2,0.00518134715026
12869,15679,10,0.0263385146805
12957,15679,6,0.0157599309154
13906,15679,2,0.00518134715026
14299,15679,6,0.0157599309154
14808,15679,6,0.0157599309154
16012,15679,6,0.0157599309154
16144,15679,2,0.00518134715026
17341,15679,5,0.0131692573402
18233,15679,100,0.264248704663
18426,15679,4,0.0105785837651
19027,15679,60,0.158462867012
19297,15679,2,0.00518134715026
19323,15679,2,0.00518134715026
23530,15679,2,0.00518134715026
24371,15679,5,0.0131692573402
24451,15679,4,0.0105785837651
24678,15679,3,0.00798791018998
24994,15679,5,0.0131692573402
25597,15679,7,0.0185664939551
26537,15679,3,0.00798791018998
27136,15679,10,0.0263385146805
27677,15679,1,0.00259067357513
28346,15679,2,0.00518134715026
28863,15679,4,0.0105785837651
29047,15679,3,0.00798791018998
100564,15814,1,0.00867469879518
100572,15814,3,0.0255421686747
101246,15814,9,0.0761445783133
101516,15814,18,0.151807228916
101925,15814,2,0.0168674698795
10268,15814,2,0.0168674698795
103884,15814,6,0.0506024096386
10424,15814,2,0.0168674698795
10627,15814,3,0.0255421686747
10686,15814,3,0.0255421686747
10820,15814,1,0.00867469879518
10979,15814,27,0.227951807229
11282,15814,2,0.0168674698795
11415,15814,3,0.0255421686747
11590,15814,1,0.00867469879518
11688,15814,7,0.0592771084337
11782,15814,1,0.00867469879518
11982,15814,1,0.00867469879518
12412,15814,1,0.00867469879518
13176,15814,2,0.0168674698795
13264,15814,5,0.0424096385542
20767,15814,2,0.0168674698795
22064,15814,1,0.00867469879518
23982,15814,1,0.00867469879518
24094,15814,2,0.0168674698795
24435,15814,1,0.00867469879518
26352,15814,2,0.0168674698795
27028,15814,1,0.00867469879518
27304,15814,4,0.033734939759
27306,15814,1,0.00867469879518
28251,15814,3,0.0255421686747
100564,15848,16,0.158351729213
100572,15848,16,0.158351729213
101516,15848,4,0.0395879323032
101925,15848,5,0.0495217071376
101927,15848,32,0.316777041943
10424,15848,2,0.0197939661516
10686,15848,1,0.00993377483444
11415,15848,9,0.0891096394408
11590,15848,1,0.00993377483444
11976,15848,2,0.0197939661516
12412,15848,1,0.00993377483444
12567,15848,2,0.0197939661516
21674,15848,1,0.00993377483444
24435,15848,1,0.00993377483444
27306,15848,7,0.0693156732892
32058,15848,1,0.00993377483444
100412,159848,34,0.723394701392
10820,159848,2,0.042546026044
12376,159848,11,0.234059272564
100405,16012,2,0.00744572458657
100808,16012,8,0.0298612743945
10127,16012,2,0.00744572458657
101952,16012,37,0.13802022102
101962,16012,1,0.00376205031742
101965,16012,15,0.0559604984717
101970,16012,13,0.0485147738851
102663,16012,53,0.197664393761
103746,16012,5,0.0186534994906
103760,16012,16,0.0597225487891
10529,16012,2,0.00744572458657
10607,16012,13,0.0485147738851
10686,16012,1,0.00376205031742
10926,16012,38,0.141782271338
11039,16012,1,0.00376205031742
12109,16012,2,0.00744572458657
12376,16012,1,0.00376205031742
12869,16012,25,0.0932674974528
12957,16012,7,0.0260992240771
14299,16012,3,0.011207774904
15679,16012,3,0.011207774904
16144,16012,1,0.00376205031742
16646,16012,5,0.0186534994906
18233,16012,1,0.00376205031742
18426,16012,1,0.00376205031742
23530,16012,2,0.00744572458657
25597,16012,2,0.00744572458657
27677,16012,1,0.00376205031742
28346,16012,4,0.0148914491731
28863,16012,3,0.011207774904
100028,16144,3,0.00545506747057
10127,16144,24,0.0442147573931
101965,16144,2,0.00373241458513
102663,16144,3,0.00545506747057
103678,16144,54,0.0996267585415
10529,16144,1,0.00172265288544
11039,16144,7,0.0129198966408
11499,16144,6,0.0111972437554
12109,16144,23,0.0424921045076
12789,16144,8,0.0146425495263
12869,16144,69,0.127189204709
12957,16144,65,0.120011484353
13906,16144,49,0.0904392764858
14299,16144,101,0.186333620442
14808,16144,6,0.0111972437554
15679,16144,2,0.00373241458513
16012,16144,1,0.00172265288544
16646,16144,64,0.118001722653
18233,16144,9,0.016652311226
18426,16144,5,0.0091874820557
19297,16144,2,0.00373241458513
19400,16144,2,0.00373241458513
23530,16144,6,0.0111972437554
24371,16144,7,0.0129198966408
24678,16144,1,0.00172265288544
28863,16144,18,0.0333046224519
29047,16144,4,0.00746482917026
100412,163638,1,0.00188323917137
10230,163638,77,0.136534839925
10268,163638,1,0.00188323917137
10293,163638,2,0.00376647834275
103750,163638,18,0.0320150659134
103757,163638,14,0.0244821092279
10424,163638,6,0.0103578154426
10607,163638,3,0.00564971751412
10627,163638,7,0.0122410546139
10820,163638,248,0.437853107345
11282,163638,1,0.00188323917137
11531,163638,1,0.00188323917137
11688,163638,4,0.0075329566855
11706,163638,1,0.00188323917137
11734,163638,6,0.0103578154426
11782,163638,2,0.00376647834275
11836,163638,11,0.0197740112994
11936,163638,1,0.00188323917137
11976,163638,3,0.00564971751412
11982,163638,1,0.00188323917137
12260,163638,2,0.00376647834275
12376,163638,1,0.00188323917137
12412,163638,2,0.00376647834275
13176,163638,2,0.00376647834275
13399,163638,1,0.00188323917137
13980,163638,31,0.0546139359699
14041,163638,1,0.00188323917137
14380,163638,35,0.0621468926554
14536,163638,1,0.00188323917137
14783,163638,1,0.00188323917137
15034,163638,1,0.00188323917137
153333,163638,1,0.00188323917137
15814,163638,2,0.00376647834275
18137,163638,65,0.114877589454
18440,163638,1,0.00188323917137
20767,163638,2,0.00376647834275
27306,163638,3,0.00564971751412
28251,163638,3,0.00564971751412
10127,16646,8,0.035405338606
101952,16646,3,0.013284725655
101962,16646,10,0.0442412259021
101965,16646,21,0.0929312901631
102663,16646,2,0.00883588729609
103746,16646,9,0.0398232822541
103760,16646,10,0.0442412259021
10529,16646,12,0.053108007909
10926,16646,3,0.013284725655
11039,16646,2,0.00883588729609
11499,16646,1,0.00441794364805
12109,16646,3,0.013284725655
12789,16646,1,0.00441794364805
12957,16646,12,0.053108007909
13906,16646,2,0.00883588729609
14299,16646,3,0.013284725655
16012,16646,4,0.017702669303
16144,16646,54,0.238939693524
18233,16646,23,0.101767177459
19323,16646,2,0.00883588729609
19400,16646,7,0.030987394958
23530,16646,4,0.017702669303
24994,16646,1,0.00441794364805
27028,16646,1,0.00441794364805
27136,16646,8,0.035405338606
27677,16646,14,0.0619438952051
28863,16646,6,0.0265385565991
100028,17341,2,0.0250948966681
100046,17341,1,0.0124420075917
10127,17341,1,0.0124420075917
103671,17341,36,0.450021088148
11039,17341,21,0.262547448334
12869,17341,1,0.0124420075917
12957,17341,2,0.0250948966681
13906,17341,1,0.0124420075917
14808,17341,1,0.0124420075917
15679,17341,10,0.125052720371
19297,17341,1,0.0124420075917
28863,17341,3,0.0375369042598
10584,173560,3,1
101516,18137,1,0.0072202166065
101927,18137,1,0.0072202166065
10230,18137,2,0.0108303249097
10268,18137,12,0.0685920577617
10293,18137,3,0.0180505415162
10374,18137,1,0.0072202166065
103884,18137,33,0.187725631769
10424,18137,3,0.0180505415162
10627,18137,1,0.0072202166065
10686,18137,4,0.0216606498195
10820,18137,2,0.0108303249097
10979,18137,7,0.0397111913357
11282,18137,2,0.0108303249097
11531,18137,1,0.0072202166065
11688,18137,6,0.0324909747292
11734,18137,3,0.0180505415162
11976,18137,1,0.0072202166065
12376,18137,1,0.0072202166065
12412,18137,2,0.0108303249097
12567,18137,1,0.0072202166065
13264,18137,23,0.129963898917
14783,18137,2,0.0108303249097
15814,18137,1,0.0072202166065
163638,18137,30,0.169675090253
18440,18137,1,0.0072202166065
19886,18137,2,0.0108303249097
21674,18137,2,0.0108303249097
22064,18137,13,0.0758122743682
22729,18137,1,0.0072202166065
27028,18137,1,0.0072202166065
27306,18137,9,0.0505415162455
33827,18137,1,0.0072202166065
100405,18233,36,0.0799166087561
100808,18233,26,0.0576789437109
10127,18233,121,0.26893676164
101952,18233,3,0.00694927032662
101965,18233,12,0.0264072272411
101970,18233,43,0.0958999305073
102663,18233,2,0.00416956219597
103746,18233,27,0.0597637248089
103760,18233,26,0.0576789437109
10529,18233,2,0.00416956219597
10926,18233,2,0.00416956219597
11039,18233,1,0.00208478109798
11499,18233,1,0.00208478109798
12109,18233,101,0.22446143155
12789,18233,1,0.00208478109798
12869,18233,2,0.00416956219597
12957,18233,6,0.0132036136206
13906,18233,1,0.00208478109798
14299,18233,19,0.0423905489924
15679,18233,4,0.0090340514246
16144,18233,6,0.0132036136206
18426,18233,2,0.00416956219597
19027,18233,1,0.00208478109798
25597,18233,1,0.00208478109798
27136,18233,2,0.00416956219597
28863,18233,3,0.00694927032662
100405,18426,25,0.0619955979457
10127,18426,1,0.00256786500367
101962,18426,4,0.00990462215701
102663,18426,6,0.0148569332355
10293,18426,1,0.00256786500367
103671,18426,1,0.00256786500367
103746,18426,13,0.0322817314747
103760,18426,2,0.0049523110785
10926,18426,2,0.0049523110785
11039,18426,2,0.0049523110785
11499,18426,39,0.0966617754952
12789,18426,31,0.0768525311812
12869,18426,2,0.0049523110785
12957,18426,42,0.104181951577
13906,18426,12,0.029713866471
14299,18426,12,0.029713866471
14808,18426,3,0.00752017608217
15679,18426,5,0.0124724871607
16144,18426,4,0.00990462215701
16646,18426,3,0.00752017608217
17341,18426,17,0.0421863536317
18233,18426,45,0.111518708731
19027,18426,2,0.0049523110785
19297,18426,1,0.00256786500367
19323,18426,14,0.0346661775495
21128,18426,19,0.0471386647102
23530,18426,3,0.00752017608217
24451,18426,13,0.0322817314747
24678,18426,8,0.019809244314
24994,18426,3,0.00752017608217
25597,18426,6,0.0148569332355
27136,18426,2,0.0049523110785
28346,18426,1,0.00256786500367
28863,18426,58,0.143800440205
29327,18426,1,0.00256786500367
100564,18440,1,0.00386847195358
101246,18440,1,0.00386847195358
10230,18440,1,0.00386847195358
10424,18440,8,0.027079303675
10607,18440,1,0.00386847195358
10820,18440,3,0.00967117988395
11282,18440,7,0.0232108317215
11531,18440,5,0.0174081237911
11688,18440,1,0.00386847195358
11734,18440,17,0.0580270793037
11936,18440,3,0.00967117988395
12376,18440,1,0.00386847195358
13176,18440,1,0.00386847195358
13399,18440,1,0.00386847195358
15814,18440,57,0.195357833656
163638,18440,7,0.0232108317215
18137,18440,175,0.601547388781
19886,18440,1,0.00386847195358
100405,19027,1,0.00369970710652
10127,19027,1,0.00369970710652
101952,19027,11,0.0407738554031
101962,19027,35,0.129643903191
101965,19027,2,0.00739941421304
101970,19027,1,0.00369970710652
102663,19027,1,0.00369970710652
10293,19027,1,0.00369970710652
103746,19027,13,0.0481732696162
103760,19027,19,0.0703715122553
10529,19027,21,0.0777709264683
10926,19027,45,0.166718051488
11039,19027,1,0.00369970710652
12109,19027,2,0.00739941421304
12789,19027,6,0.0221982426391
12869,19027,2,0.00739941421304
12957,19027,4,0.0147988284261
13906,19027,1,0.00369970710652
14299,19027,2,0.00739941421304
15679,19027,2,0.00739941421304
16144,19027,1,0.00369970710652
16646,19027,2,0.00739941421304
18233,19027,20,0.0740712193618
18426,19027,22,0.0814706335748
19323,19027,24,0.0889471250193
19400,19027,2,0.00739941421304
23530,19027,11,0.0407738554031
24994,19027,3,0.0110991213196
27136,19027,3,0.0110991213196
27677,19027,3,0.0110991213196
28346,19027,1,0.00369970710652
28863,19027,7,0.0258979497456
100028,19297,20,0.270400248216
103671,19297,15,0.20276140242
11039,19297,3,0.0404902264971
12109,19297,1,0.0134967421657
12789,19297,2,0.0269934843314
12869,19297,10,0.135122556624
12957,19297,3,0.0404902264971
13906,19297,1,0.0134967421657
14808,19297,2,0.0269934843314
15679,19297,8,0.108129072293
16144,19297,2,0.0269934843314
16646,19297,4,0.0541421036302
23530,19297,2,0.0269934843314
28863,19297,1,0.0134967421657
100405,19323,1,0.00489106269453
100808,19323,10,0.0487624129243
10127,19323,1,0.00489106269453
101952,19323,17,0.0829257447755
101962,19323,1,0.00489106269453
101970,19323,18,0.08781680747
102663,19323,95,0.463391136802
103746,19323,5,0.0243812064621
103760,19323,2,0.00978212538906
10926,19323,20,0.0975248258485
12869,19323,2,0.00978212538906
14299,19323,4,0.0194901437676
15679,19323,10,0.0487624129243
18233,19323,2,0.00978212538906
19027,19323,1,0.00489106269453
23530,19323,4,0.0194901437676
24451,19323,1,0.00489106269453
24994,19323,3,0.0145990810731
25597,19323,4,0.0194901437676
26537,19323,1,0.00489106269453
27136,19323,2,0.00978212538906
28863,19323,1,0.00489106269453
100405,19400,6,0.0280429594272
100808,19400,7,0.0327309921582
101952,19400,26,0.121462666212
101965,19400,10,0.0467098533924
101970,19400,16,0.0747528128196
102663,19400,45,0.210194340266
103746,19400,16,0.0747528128196
103760,19400,3,0.0139788612342
10529,19400,8,0.0373337879304
10607,19400,4,0.0186668939652
10926,19400,12,0.0560859188544
12109,19400,1,0.00468803273099
12789,19400,1,0.00468803273099
12869,19400,13,0.0607739515854
12957,19400,2,0.00937606546198
13906,19400,2,0.00937606546198
14299,19400,5,0.0233549266962
15679,19400,6,0.0280429594272
16012,19400,1,0.00468803273099
16646,19400,16,0.0747528128196
18233,19400,2,0.00937606546198
19027,19400,2,0.00937606546198
23530,19400,2,0.00937606546198
24994,19400,1,0.00468803273099
25597,19400,2,0.00937606546198
27677,19400,4,0.0186668939652
28863,19400,1,0.00468803273099
101246,19886,2,0.00754310344828
10230,19886,1,0.00431034482759
11282,19886,4,0.0150862068966
11688,19886,1,0.00431034482759
11734,19886,2,0.00754310344828
11936,19886,1,0.00431034482759
11976,19886,1,0.00431034482759
13115,19886,3,0.0118534482759
15814,19886,39,0.151939655172
163638,19886,1,0.00431034482759
18137,19886,198,0.768318965517
18440,19886,1,0.00431034482759
22064,19886,3,0.0118534482759
100564,20767,18,0.0890867035817
101927,20767,18,0.0890867035817
10268,20767,33,0.163384033083
10424,20767,1,0.0049765192402
10607,20767,1,0.0049765192402
10820,20767,4,0.0197658933202
11282,20767,32,0.158407513843
11688,20767,2,0.00988294666012
11976,20767,26,0.128688582042
12412,20767,9,0.044578397701
13980,20767,15,0.0742272376814
14041,20767,6,0.0297189318007
14380,20767,17,0.0841802761618
15814,20767,3,0.0148594659003
15848,20767,2,0.00988294666012
18137,20767,1,0.0049765192402
21674,20767,1,0.0049765192402
24094,20767,2,0.00988294666012
25052,20767,9,0.044578397701
27306,20767,2,0.00988294666012
100028,21128,9,0.0999492643328
10127,21128,2,0.0221968543886
103671,21128,25,0.277777777778
11039,21128,12,0.1333079655
12109,21128,1,0.0111618467783
12789,21128,1,0.0111618467783
12869,21128,14,0.155504819888
15679,21128,9,0.0999492643328
18426,21128,15,0.166666666667
24371,21128,1,0.0111618467783
28863,21128,1,0.0111618467783
100564,21674,14,0.0765515068781
101246,21674,11,0.0601701144597
101925,21674,9,0.0491441772551
101927,21674,22,0.120235219994
10268,21674,1,0.00546046413945
103884,21674,10,0.0547096503203
10424,21674,7,0.0382232489762
10686,21674,1,0.00546046413945
10979,21674,15,0.0820119710175
11282,21674,5,0.0273023206973
11415,21674,7,0.0382232489762
11531,21674,1,0.00546046413945
11688,21674,3,0.0163813924184
11734,21674,10,0.0547096503203
12260,21674,1,0.00546046413945
12567,21674,3,0.0163813924184
13980,21674,1,0.00546046413945
14196,21674,7,0.0382232489762
14380,21674,2,0.0109209282789
15814,21674,16,0.087472435157
15848,21674,2,0.0109209282789
20767,21674,5,0.0273023206973
22064,21674,9,0.0491441772551
23982,21674,1,0.00546046413945
24094,21674,1,0.00546046413945
24435,21674,2,0.0109209282789
27304,21674,5,0.0273023206973
27306,21674,6,0.0327627848367
28251,21674,3,0.0163813924184
33827,21674,3,0.0163813924184
100564,22064,5,0.0847694959069
101925,22064,1,0.0169108143042
103750,22064,13,0.220379146919
103757,22064,18,0.305040930633
10424,22064,3,0.0508401551056
10627,22064,1,0.0169108143042
10820,22064,13,0.220379146919
15814,22064,5,0.0847694959069
10293,22729,2,0.0109649122807
10820,22729,1,0.00548245614035
11531,22729,22,0.11951754386
11688,22729,2,0.0109649122807
11734,22729,10,0.0542763157895
11936,22729,9,0.0487938596491
12260,22729,9,0.0487938596491
12567,22729,13,0.0707236842105
13399,22729,1,0.00548245614035
14783,22729,2,0.0109649122807
15814,22729,1,0.00548245614035
163638,22729,41,0.222861842105
18137,22729,68,0.36951754386
27304,22729,3,0.016173245614
100405,23530,73,0.206760123089
10127,23530,2,0.00566599912079
101952,23530,1,0.0028329995604
101962,23530,13,0.0368289942852
102663,23530,14,0.0396619938456
10374,23530,1,0.0028329995604
103746,23530,22,0.0623259903287
103760,23530,19,0.0538269916475
10529,23530,15,0.0424949934059
10926,23530,44,0.124651980657
12109,23530,5,0.014164997802
12789,23530,5,0.014164997802
12869,23530,1,0.0028329995604
12957,23530,21,0.0594929907683
13906,23530,2,0.00566599912079
15679,23530,1,0.0028329995604
159848,23530,5,0.014164997802
16012,23530,2,0.00566599912079
16144,23530,13,0.0368289942852
16646,23530,3,0.00849899868119
17341,23530,1,0.0028329995604
18233,23530,10,0.028329995604
19323,23530,9,0.0254969960436
19400,23530,1,0.0028329995604
25597,23530,41,0.116152981976
27136,23530,8,0.0226639964832
27677,23530,5,0.014164997802
28863,23530,16,0.0453279929663
100564,23982,17,0.0783275371483
100572,23982,1,0.00458425545368
101925,23982,5,0.0230793550427
101927,23982,30,0.138239013595
10230,23982,1,0.00458425545368
10268,23982,76,0.350221308884
10293,23982,10,0.0460796711982
10424,23982,5,0.0230793550427
10607,23982,4,0.0184160607019
11282,23982,5,0.0230793550427
11590,23982,15,0.0691590262409
11688,23982,2,0.0092475497945
11782,23982,3,0.0138318052482
11936,23982,1,0.00458425545368
11976,23982,1,0.00458425545368
11982,23982,1,0.00458425545368
12260,23982,1,0.00458425545368
14041,23982,26,0.119822952893
15034,23982,12,0.0553272209927
24094,23982,1,0.00458425545368
100564,24094,19,0.115172213341
10075,24094,1,0.00603110013079
101927,24094,21,0.12730707746
10230,24094,2,0.0121348641186
10268,24094,64,0.38795233251
10293,24094,4,0.0242697282372
10424,24094,3,0.0181659642494
10607,24094,3,0.0181659642494
10627,24094,1,0.00603110013079
11282,24094,8,0.0484667926174
11590,24094,12,0.0727365208545
11734,24094,1,0.00603110013079
11782,24094,5,0.030300828368
11936,24094,2,0.0121348641186
11976,24094,2,0.0121348641186
11982,24094,2,0.0121348641186
12567,24094,3,0.0181659642494
13980,24094,3,0.0181659642494
14380,24094,2,0.0121348641186
15034,24094,2,0.0121348641186
15814,24094,3,0.0181659642494
23982,24094,1,0.00603110013079
25052,24094,1,0.00603110013079
103678,24371,64,0.581919332406
10529,24371,17,0.154566527585
11039,24371,6,0.0545201668985
12109,24371,1,0.00908669448308
12869,24371,1,0.00908669448308
12957,24371,1,0.00908669448308
13906,24371,4,0.0363467779323
15679,24371,3,0.0272600834492
16144,24371,6,0.0545201668985
16646,24371,1,0.00908669448308
18426,24371,2,0.0181733889662
19297,24371,2,0.0181733889662
28863,24371,2,0.0181733889662
100564,24435,18,0.169813441223
100572,24435,7,0.0660260732749
101516,24435,2,0.0188806473365
101925,24435,4,0.0377051022702
101927,24435,14,0.13205214655
10268,24435,2,0.0188806473365
10293,24435,1,0.00944032366824
10424,24435,6,0.0565857496067
10979,24435,3,0.0283209710047
11282,24435,1,0.00944032366824
11415,24435,16,0.150932793886
11590,24435,12,0.113171499213
12260,24435,1,0.00944032366824
12376,24435,1,0.00944032366824
12567,24435,2,0.0188806473365
153333,24435,2,0.0188806473365
15814,24435,2,0.0188806473365
15848,24435,2,0.0188806473365
21674,24435,1,0.00944032366824
22064,24435,1,0.00944032366824
25052,24435,1,0.00944032366824
27306,24435,7,0.0660260732749
100808,24451,24,0.117101357082
10127,24451,5,0.024385072095
101952,24451,21,0.102470313825
101970,24451,14,0.068278201866
102663,24451,35,0.170748515691
10926,24451,10,0.04877014419
11039,24451,1,0.004877014419
12109,24451,2,0.009754028838
12789,24451,4,0.019508057676
12869,24451,26,0.12685538592
13906,24451,1,0.004877014419
14299,24451,2,0.009754028838
15679,24451,11,0.053647158609
16646,24451,2,0.009754028838
18426,24451,12,0.058524173028
19027,24451,1,0.004877014419
19323,24451,1,0.004877014419
23530,24451,3,0.014631043257
24994,24451,7,0.034139100933
28346,24451,13,0.063401187447
28863,24451,3,0.014631043257
29327,24451,7,0.034139100933
100405,24678,1,0.00509737289243
100808,24678,22,0.112272905503
10127,24678,2,0.0101947457849
101952,24678,35,0.178604104039
101970,24678,18,0.0918180629983
102663,24678,44,0.224480460071
10607,24678,2,0.0101947457849
10926,24678,2,0.0101947457849
12109,24678,1,0.00509737289243
12869,24678,10,0.0510390798588
13906,24678,2,0.0101947457849
15679,24678,14,0.0714285714286
18233,24678,1,0.00509737289243
18426,24678,9,0.0459417069664
23530,24678,6,0.0305842373546
24994,24678,11,0.0561364527513
27136,24678,2,0.0101947457849
28346,24678,5,0.0254868644622
28863,24678,1,0.00509737289243
29327,24678,8,0.040844334074
100405,24994,9,0.0344811298474
10127,24994,7,0.0268291530868
101952,24994,14,0.0536583061735
101962,24994,10,0.0383071182278
101965,24994,17,0.0651362713145
102663,24994,43,0.164753672477
103746,24994,9,0.0344811298474
103760,24994,19,0.0727882480752
10529,24994,1,0.00382598838033
10926,24994,5,0.0191771763261
12109,24994,11,0.0421331066081
12789,24994,2,0.00765197676066
12869,24994,5,0.0191771763261
12957,24994,7,0.0268291530868
13906,24994,6,0.0230031647064
14299,24994,1,0.00382598838033
15679,24994,21,0.0804402248359
16012,24994,2,0.00765197676066
16646,24994,1,0.00382598838033
18233,24994,3,0.011477965141
18426,24994,9,0.0344811298474
19027,24994,4,0.0153039535213
19323,24994,6,0.0230031647064
24451,24994,10,0.0383071182278
24678,24994,13,0.0498323177932
25597,24994,9,0.0344811298474
27136,24994,2,0.00765197676066
27677,24994,1,0.00382598838033
28346,24994,6,0.0230031647064
28863,24994,8,0.0306551414671
100564,25052,5,0.0240143122549
101925,25052,6,0.0288309364894
101927,25052,23,0.110575930641
10230,25052,2,0.009633248469
10268,25052,52,0.249982797771
10293,25052,1,0.0048166242345
10607,25052,8,0.0384641849584
10979,25052,1,0.0048166242345
11282,25052,36,0.173054427854
11415,25052,2,0.009633248469
11590,25052,14,0.0672951214477
11688,25052,2,0.009633248469
11734,25052,1,0.0048166242345
11782,25052,1,0.0048166242345
11936,25052,5,0.0240143122549
11976,25052,20,0.0961260579371
12567,25052,2,0.009633248469
13980,25052,4,0.0191976880204
14041,25052,2,0.009633248469
14380,25052,9,0.0432808091929
15848,25052,1,0.0048166242345
20767,25052,4,0.0191976880204
23982,25052,3,0.0144498727035
24094,25052,1,0.0048166242345
26352,25052,1,0.0048166242345
27306,25052,1,0.0048166242345
28251,25052,1,0.0048166242345
100405,25597,4,0.0096938998297
10127,25597,23,0.055805423344
101952,25597,1,0.00244530806515
101962,25597,23,0.055805423344
102663,25597,2,0.00484694991485
103746,25597,43,0.104362254923
103760,25597,38,0.0922230470285
10529,25597,2,0.00484694991485
10926,25597,39,0.0946683550937
12109,25597,10,0.0242784157897
12789,25597,22,0.0534037814943
12869,25597,35,0.0849307890485
12957,25597,8,0.0194314658749
13906,25597,8,0.0194314658749
14299,25597,1,0.00244530806515
15679,25597,4,0.0096938998297
16012,25597,26,0.063097681324
16646,25597,3,0.00729225798
18426,25597,7,0.0169861578097
19297,25597,1,0.00244530806515
19323,25597,12,0.0291253657046
19400,25597,28,0.0679446312388
23530,25597,28,0.0679446312388
24994,25597,1,0.00244530806515
26537,25597,1,0.00244530806515
27136,25597,16,0.0388192655343
27677,25597,1,0.00244530806515
28863,25597,25,0.0606960394743
100564,26352,8,0.133366509082
101516,26352,9,0.14991291366
101925,26352,7,0.116695695447
101927,26352,11,0.183254540931
10268,26352,4,0.0666832545409
10607,26352,6,0.100024881811
11282,26352,3,0.0500124409057
11415,26352,1,0.0166708136352
11982,26352,1,0.0166708136352
12376,26352,1,0.0166708136352
12412,26352,2,0.0333416272705
12567,26352,1,0.0166708136352
13264,26352,1,0.0166708136352
14196,26352,1,0.0166708136352
15814,26352,2,0.0333416272705
24435,26352,1,0.0166708136352
32058,26352,1,0.0166708136352
100405,26537,26,0.313264649066
100808,26537,2,0.0240663232453
10127,26537,1,0.0120734063104
101970,26537,9,0.108419188667
102663,26537,1,0.0120734063104
10293,26537,1,0.0120734063104
10655,26537,10,0.120492594977
10926,26537,12,0.144558918223
12869,26537,2,0.0240663232453
14299,26537,4,0.0482131358661
15679,26537,1,0.0120734063104
18426,26537,5,0.060206052801
19027,26537,3,0.0361397295557
19323,26537,2,0.0240663232453
28863,26537,4,0.0482131358661
10230,27028,1,0.0666153253754
11976,27028,6,0.400077011937
12412,27028,5,0.333333333333
14536,27028,2,0.133359003979
19886,27028,1,0.0666153253754
100405,27136,3,0.00744942333144
10127,27136,20,0.0497636604273
101952,27136,2,0.00499149177538
101962,27136,32,0.0795991680847
101965,27136,19,0.0472679145396
102663,27136,4,0.00994516921913
10293,27136,4,0.00994516921913
103746,27136,8,0.0198903384383
103760,27136,31,0.077103422197
10926,27136,17,0.0422764227642
11039,27136,1,0.00249574588769
12109,27136,23,0.0572130837587
12789,27136,11,0.0273775761013
12869,27136,17,0.0422764227642
12957,27136,18,0.0447721686519
13906,27136,15,0.0373227453205
15679,27136,1,0.00249574588769
16012,27136,28,0.0696539988656
16144,27136,4,0.00994516921913
16646,27136,26,0.0646625070902
18426,27136,1,0.00249574588769
19297,27136,1,0.00249574588769
19323,27136,3,0.00744942333144
19400,27136,27,0.0671582529779
23530,27136,33,0.0820949139724
24994,27136,1,0.00249574588769
25597,27136,27,0.0671582529779
27677,27136,2,0.00499149177538
28346,27136,1,0.00249574588769
28863,27136,22,0.0547173378711
101246,27304,32,0.450641970112
103750,27304,4,0.0564091770154
103757,27304,2,0.0282045885077
10627,27304,1,0.0141022942538
11590,27304,1,0.0141022942538
11734,27304,7,0.0985055777731
12376,27304,1,0.0141022942538
153333,27304,1,0.0141022942538
15814,27304,6,0.0844032835193
21674,27304,2,0.0282045885077
22064,27304,8,0.112607872027
27306,27304,1,0.0141022942538
28251,27304,1,0.0141022942538
33827,27304,4,0.0564091770154
100564,27306,11,0.0753679580443
101925,27306,11,0.0753679580443
101927,27306,19,0.130096430384
10268,27306,32,0.219167653527
10374,27306,1,0.00685163254948
10424,27306,29,0.198612755879
10607,27306,1,0.00685163254948
10686,27306,2,0.013703265099
11688,27306,1,0.00685163254948
12412,27306,1,0.00685163254948
13176,27306,1,0.00685163254948
13264,27306,3,0.0205548976485
14041,27306,1,0.00685163254948
15814,27306,21,0.143799695483
18137,27306,6,0.0411097952969
19886,27306,2,0.013703265099
20767,27306,1,0.00685163254948
21674,27306,1,0.00685163254948
26352,27306,1,0.00685163254948
32058,27306,1,0.00685163254948
10127,27677,23,0.0798574790795
101962,27677,14,0.0486074790795
101965,27677,40,0.138892520921
102663,27677,7,0.024320083682
10293,27677,1,0.003464958159
103760,27677,1,0.003464958159
10529,27677,6,0.0208224372385
10926,27677,6,0.0208224372385
11039,27677,1,0.003464958159
12109,27677,28,0.0972476464435
12789,27677,5,0.0173574790795
12869,27677,12,0.0416775627615
12957,27677,21,0.0729275627615
13906,27677,7,0.024320083682
16012,27677,11,0.0382126046025
16144,27677,13,0.0451425209205
16646,27677,23,0.0798574790795
18233,27677,1,0.003464958159
18426,27677,5,0.0173574790795
19400,27677,14,0.0486074790795
23530,27677,31,0.107642520921
24451,27677,1,0.003464958159
24994,27677,1,0.003464958159
25597,27677,2,0.00692991631799
27136,27677,5,0.0173574790795
28346,27677,3,0.0104275627615
28863,27677,6,0.0208224372385
100564,28251,6,0.0416514698373
101246,28251,15,0.104165146984
101925,28251,10,0.0694434313225
101927,28251,3,0.0208622073091
10268,28251,2,0.0138595083522
103884,28251,23,0.159749069954
10686,28251,1,0.00692975417609
10820,28251,3,0.0208622073091
10979,28251,1,0.00692975417609
11415,28251,2,0.0138595083522
11688,28251,1,0.00692975417609
11734,28251,16,0.111167845941
11782,28251,1,0.00692975417609
12260,28251,2,0.0138595083522
13176,28251,1,0.00692975417609
13264,28251,1,0.00692975417609
14196,28251,2,0.0138595083522
15814,28251,18,0.125027354293
15848,28251,2,0.0138595083522
20767,28251,1,0.00692975417609
21674,28251,1,0.00692975417609
22064,28251,16,0.111167845941
23982,28251,1,0.00692975417609
27304,28251,3,0.0208622073091
27306,28251,7,0.0486541687942
33827,28251,5,0.0347217156612
100405,28346,2,0.0102977937181
10127,28346,2,0.0102977937181
101952,28346,9,0.0463808281709
101962,28346,1,0.00516248233888
101965,28346,29,0.14949462015
102663,28346,8,0.0412455167917
10293,28346,1,0.00516248233888
10374,28346,1,0.00516248233888
103746,28346,2,0.0102977937181
103760,28346,8,0.0412455167917
10926,28346,14,0.0721660689056
12109,28346,6,0.0309205521139
12789,28346,3,0.015460276057
12957,28346,14,0.0721660689056
13906,28346,2,0.0102977937181
15679,28346,10,0.0515433105097
16012,28346,3,0.015460276057
16144,28346,10,0.0515433105097
16646,28346,3,0.015460276057
18426,28346,1,0.00516248233888
19400,28346,2,0.0102977937181
24451,28346,8,0.0412455167917
24678,28346,9,0.0463808281709
24994,28346,5,0.0257852407347
25597,28346,12,0.0618682751875
27136,28346,15,0.0773285512444
27677,28346,6,0.0309205521139
28863,28346,7,0.0360830344528
29327,28346,1,0.00516248233888
100405,28863,3,0.00501730103806
10127,28863,5,0.00847750865052
101962,28863,9,0.0150519031142
101970,28863,1,0.00173010380623
103746,28863,20,0.0335640138408
103760,28863,32,0.0538062283737
10529,28863,1,0.00173010380623
10926,28863,3,0.00501730103806
11039,28863,7,0.0117647058824
11499,28863,107,0.179930795848
12109,28863,1,0.00173010380623
12789,28863,41,0.0688581314879
12869,28863,4,0.00674740484429
12957,28863,56,0.0941176470588
13906,28863,32,0.0538062283737
14299,28863,4,0.00674740484429
14808,28863,1,0.00173010380623
16012,28863,3,0.00501730103806
16144,28863,7,0.0117647058824
16646,28863,3,0.00501730103806
17341,28863,13,0.0217993079585
18233,28863,97,0.162975778547
18426,28863,20,0.0335640138408
19027,28863,2,0.00328719723183
19297,28863,3,0.00501730103806
19323,28863,17,0.0285467128028
19400,28863,2,0.00328719723183
21128,28863,22,0.0370242214533
23530,28863,8,0.0134948096886
24451,28863,11,0.0185121107266
24678,28863,8,0.0134948096886
24994,28863,23,0.0385813148789
25597,28863,14,0.0235294117647
27677,28863,2,0.00328719723183
28346,28863,12,0.0202422145329
29327,28863,1,0.00173010380623
100405,29047,4,0.0625153138017
100808,29047,11,0.171899611467
101952,29047,1,0.0156113269628
101962,29047,3,0.0468689838636
101970,29047,19,0.296895236095
12789,29047,2,0.0312576569008
12869,29047,1,0.0156113269628
15679,29047,3,0.0468689838636
16012,29047,2,0.0312576569008
18233,29047,1,0.0156113269628
18426,29047,5,0.0781266407645
19323,29047,1,0.0156113269628
24451,29047,3,0.0468689838636
24678,29047,6,0.0937729707025
24994,29047,1,0.0156113269628
28863,29047,1,0.0156113269628
100808,29327,14,0.122819401029
101952,29327,1,0.00877281435918
101970,29327,22,0.192951497429
102663,29327,3,0.0263184430775
10293,29327,5,0.0438640717959
103671,29327,3,0.0263184430775
12789,29327,2,0.0175456287184
12869,29327,10,0.0877281435918
12957,29327,4,0.0350912574367
14299,29327,3,0.0263184430775
15679,29327,1,0.00877281435918
16012,29327,2,0.0175456287184
16144,29327,1,0.00877281435918
18233,29327,2,0.0175456287184
19027,29327,1,0.00877281435918
19400,29327,1,0.00877281435918
24451,29327,14,0.122819401029
24678,29327,21,0.184178683069
24994,29327,1,0.00877281435918
25597,29327,2,0.0175456287184
28346,29327,1,0.00877281435918
100564,32058,8,0.0850616959832
100572,32058,16,0.170123391966
101516,32058,5,0.053207316006
101925,32058,8,0.0850616959832
101927,32058,14,0.148857967971
10268,32058,1,0.0106764680144
10424,32058,2,0.0212654239958
10979,32058,1,0.0106764680144
11282,32058,1,0.0106764680144
11590,32058,4,0.0425308479916
11688,32058,3,0.0319418920102
11734,32058,2,0.0212654239958
11936,32058,3,0.0319418920102
11976,32058,14,0.148857967971
12260,32058,1,0.0106764680144
15848,32058,1,0.0106764680144
20767,32058,1,0.0106764680144
25052,32058,1,0.0106764680144
27306,32058,5,0.053207316006
28251,32058,2,0.0212654239958
33827,32058,1,0.0106764680144
100564,33827,1,0.0104881000403
101246,33827,38,0.400060508269
101925,33827,3,0.0315651472368
10230,33827,3,0.0315651472368
103884,33827,7,0.0737192416297
10424,33827,2,0.0210770471965
10607,33827,1,0.0104881000403
10686,33827,2,0.0210770471965
11590,33827,1,0.0104881000403
11688,33827,1,0.0104881000403
11734,33827,8,0.08420734167
14196,33827,2,0.0210770471965
15814,33827,4,0.0421540943929
21674,33827,1,0.0104881000403
22064,33827,8,0.08420734167
27304,33827,5,0.0526421944332
27306,33827,1,0.0104881000403
28251,33827,7,0.0737192416297
